File_name,Problem type,Variables number,DD Type,Max Width,Is Reduced,Objective Type,Optimization Value,Construction Time,Reduce Time,Solution Time,Number Node,Number Arcs,Actual Max Width,Sort
f1_l-d_kp_10_269.txt,Knapsack,9,Exact,2147483646,false,max,253.000000,0.000266,na,0.012331,352,614,143,true
f2_l-d_kp_20_878.txt,Knapsack,19,Exact,2147483646,false,max,990.000000,0.004981,na,0.009563,6732,13338,846,true
f1_l-d_kp_10_269.txt,Knapsack,9,Exact,2147483646,true,max,253.000000,0.000281,0.000117,0.015450,52,97,12,true
f3_l-d_kp_4_20.txt,Knapsack,3,Exact,2147483646,true,max,33.000000,0.000031,0.000010,0.008571,4,6,1,true
f2_l-d_kp_20_878.txt,Knapsack,19,Exact,2147483646,true,max,990.000000,0.004625,0.006325,0.003738,314,616,36,true
f3_l-d_kp_4_20.txt,Knapsack,3,Exact,2147483646,false,max,33.000000,0.000034,na,0.002212,8,14,4,true
f4_l-d_kp_4_11.txt,Knapsack,3,Exact,2147483646,false,max,22.000000,0.000019,na,0.009597,8,13,4,true
f6_l-d_kp_10_60.txt,Knapsack,9,Exact,2147483646,false,max,52.000000,0.000134,na,0.005826,161,302,49,true
f4_l-d_kp_4_11.txt,Knapsack,3,Exact,2147483646,true,max,22.000000,0.000026,0.000013,0.007051,6,9,2,true
f6_l-d_kp_10_60.txt,Knapsack,9,Exact,2147483646,true,max,52.000000,0.000146,0.000075,0.003138,47,74,9,true
f7_l-d_kp_7_50.txt,Knapsack,6,Exact,2147483646,false,max,107.000000,0.000052,na,0.004414,45,81,20,true
f7_l-d_kp_7_50.txt,Knapsack,6,Exact,2147483646,true,max,107.000000,0.000043,0.000027,0.004926,15,23,4,true
f8_l-d_kp_23_10000.txt,Knapsack,22,Exact,2147483646,false,max,9767.000000,0.007427,na,0.005000,10249,19613,1462,true
f9_l-d_kp_5_80.txt,Knapsack,4,Exact,2147483646,true,max,130.000000,0.000031,0.000013,0.008363,5,8,1,true
f8_l-d_kp_23_10000.txt,Knapsack,22,Exact,2147483646,true,max,9767.000000,0.007010,0.007595,0.002910,214,412,19,true
f9_l-d_kp_5_80.txt,Knapsack,4,Exact,2147483646,false,max,130.000000,0.000032,na,0.002050,16,30,8,true
f10_l-d_kp_20_879.txt,Knapsack,19,Exact,2147483646,false,max,1010.000000,0.004374,na,0.005899,6441,12781,852,true
f10_l-d_kp_20_879.txt,Knapsack,19,Exact,2147483646,true,max,1010.000000,0.004389,0.006040,0.002098,217,429,23,true
knapPI_1_100_1000_1.txt,Knapsack,100,Exact,2147483646,false,max,9147.000000,0.046408,na,0.016055,69024,97670,901,true
knapPI_1_100_1000_1.txt,Knapsack,100,Exact,2147483646,true,max,9147.000000,0.043766,0.045270,0.012025,29462,46417,607,true
knapPI_1_200_1000_1.txt,Knapsack,200,Exact,2147483646,false,max,11238.000000,0.105755,na,0.034233,165252,238701,969,true
knapPI_1_200_1000_1.txt,Knapsack,200,Exact,2147483646,true,max,11238.000000,0.108045,0.114036,0.036302,115018,175226,812,true
knapPI_1_500_1000_1.txt,Knapsack,500,Exact,2147483646,false,max,28857.000000,0.950177,na,0.249792,1211059,2170114,2536,true
knapPI_1_500_1000_1.txt,Knapsack,500,Exact,2147483646,true,max,28857.000000,0.894281,1.368243,0.264682,1157326,2088653,2501,true
knapPI_1_1000_1000_1.txt,Knapsack,1000,Exact,2147483646,false,max,54503.000000,4.542871,na,1.220612,4908801,9318236,4999,true
knapPI_1_1000_1000_1.txt,Knapsack,1000,Exact,2147483646,true,max,54503.000000,4.468634,7.745045,1.247635,4814265,9166545,4989,true
knapPI_1_2000_1000_1.txt,Knapsack,2000,Exact,2147483646,false,max,110625.000000,25.167788,na,6.945881,19838765,38676979,10012,true
knapPI_1_2000_1000_1.txt,Knapsack,2000,Exact,2147483646,true,max,110625.000000,24.156507,42.842810,6.882480,19654017,38355155,10008,true
knapPI_2_100_1000_1.txt,Knapsack,100,Exact,2147483646,true,max,1514.000000,0.041344,0.044960,0.012415,29462,46417,607,true
knapPI_2_100_1000_1.txt,Knapsack,100,Exact,2147483646,false,max,1514.000000,0.042869,na,0.015005,69024,97670,901,true
knapPI_2_200_1000_1.txt,Knapsack,200,Exact,2147483646,true,max,1634.000000,0.104192,0.112513,0.035786,115018,175226,812,true
knapPI_2_200_1000_1.txt,Knapsack,200,Exact,2147483646,false,max,1634.000000,0.105502,na,0.033991,165252,238701,969,true
knapPI_2_500_1000_1.txt,Knapsack,500,Exact,2147483646,true,max,4566.000000,0.941480,1.407356,0.277444,1157326,2088653,2501,true
knapPI_2_500_1000_1.txt,Knapsack,500,Exact,2147483646,false,max,4566.000000,0.897189,na,0.274777,1211059,2170114,2536,true
knapPI_2_1000_1000_1.txt,Knapsack,1000,Exact,2147483646,true,max,9052.000000,4.320167,7.516009,1.289444,4814265,9166545,4989,true
knapPI_2_1000_1000_1.txt,Knapsack,1000,Exact,2147483646,false,max,9052.000000,4.505963,na,1.242954,4908801,9318236,4999,true
knapPI_2_2000_1000_1.txt,Knapsack,2000,Exact,2147483646,true,max,18051.000000,22.404161,42.925212,6.910691,19654017,38355155,10008,true
knapPI_1_5000_1000_1.txt,Knapsack,5000,Exact,2147483646,false,max,276457.000000,192.422739,na,46.391396,124325378,246149231,25017,true
knapPI_2_2000_1000_1.txt,Knapsack,2000,Exact,2147483646,false,max,18051.000000,20.972898,na,6.745090,19838765,38676979,10012,true
knapPI_1_5000_1000_1.txt,Knapsack,5000,Exact,2147483646,true,max,276457.000000,197.161124,301.632430,45.834361,123697873,244937450,25017,true
knapPI_2_5000_1000_1.txt,Knapsack,5000,Exact,2147483646,false,max,44356.000000,185.037969,na,46.639569,124325378,246149231,25017,true
knapPI_2_5000_1000_1.txt,Knapsack,5000,Exact,2147483646,true,max,44356.000000,190.922972,303.937624,50.474484,123697873,244937450,25017,true
knapPI_3_100_1000_1.txt,Knapsack,100,Exact,2147483646,true,max,2397.000000,0.037690,0.039820,0.012678,31904,46338,621,true
knapPI_3_100_1000_1.txt,Knapsack,100,Exact,2147483646,false,max,2397.000000,0.038025,na,0.015095,63104,86759,921,true
knapPI_3_200_1000_1.txt,Knapsack,200,Exact,2147483646,true,max,2697.000000,0.096782,0.110515,0.036445,109743,165317,799,true
knapPI_3_200_1000_1.txt,Knapsack,200,Exact,2147483646,false,max,2697.000000,0.096410,na,0.033169,157435,227151,956,true
knapPI_3_500_1000_1.txt,Knapsack,500,Exact,2147483646,true,max,7117.000000,0.927423,1.555835,0.287285,1142170,2060648,2489,true
knapPI_3_500_1000_1.txt,Knapsack,500,Exact,2147483646,false,max,7117.000000,0.964634,na,0.270534,1193303,2137391,2513,true
knapPI_3_1000_1000_1.txt,Knapsack,1000,Exact,2147483646,true,max,14390.000000,4.488376,7.178738,1.340461,4805875,9145335,4982,true
knapPI_3_1000_1000_1.txt,Knapsack,1000,Exact,2147483646,false,max,14390.000000,4.541105,na,1.283389,4891978,9286039,4988,true
knapPI_3_2000_1000_1.txt,Knapsack,2000,Exact,2147483646,true,max,28919.000000,22.567723,39.255738,6.430844,19273031,37605251,9816,true
knapPI_1_10000_1000_1.txt,Knapsack,10000,Exact,2147483646,false,max,563647.000000,855.848459,na,194.777262,496117394,987247104,49878,true
knapPI_3_2000_1000_1.txt,Knapsack,2000,Exact,2147483646,false,max,28919.000000,25.694031,na,8.409189,19453638,37925918,9820,true
knapPI_3_5000_1000_1.txt,Knapsack,5000,Exact,2147483646,true,max,72505.000000,238.401776,419.800277,50.187908,122653399,242869250,24806,true
knapPI_3_5000_1000_1.txt,Knapsack,5000,Exact,2147483646,false,max,72505.000000,200.138280,na,56.968545,123305209,244130048,24806,true
knapPI_2_10000_1000_1.txt,Knapsack,10000,Exact,2147483646,false,max,90204.000000,1016.789597,na,258.916297,496117394,987247104,49878,true
knapPI_1_10000_1000_1.txt,Knapsack,10000,Exact,2147483646,true,max,563647.000000,834.738208,1350.637576,192.204470,493766479,982592494,49878,true
MANN_a9.txt,Independent Set,45,Exact,2147483646,true,max,16.000000,0.015567,0.007276,0.005063,14462,20555,704,true
MANN_a9.txt,Independent Set,45,Exact,2147483646,false,max,16.000000,0.015545,na,0.005267,14462,20555,704,true
knapPI_2_10000_1000_1.txt,Knapsack,10000,Exact,2147483646,true,max,90204.000000,934.543321,1608.436430,229.060169,493766479,982592494,49878,true
knapPI_3_10000_1000_1.txt,Knapsack,10000,Exact,2147483646,false,max,146919.000000,1059.484932,na,259.675908,492675098,980398384,49520,true
knapPI_3_10000_1000_1.txt,Knapsack,10000,Exact,2147483646,true,max,146919.000000,1023.510418,1576.831351,195.031610,490265923,975620743,49520,true
brock200_2.txt,Independent Set,200,Exact,2147483646,true,max,12.000000,27.821571,10.908645,5.719754,9402342,10341770,152442,true
brock200_2.txt,Independent Set,200,Exact,2147483646,false,max,12.000000,27.128830,na,5.385088,9402342,10341770,152442,true
brock200_3.txt,Independent Set,200,Exact,2147483646,true,max,15.000000,318.170429,151.834531,60.694186,90255188,101349268,1693454,true
brock200_3.txt,Independent Set,200,Exact,2147483646,false,max,15.000000,384.723587,na,75.602052,90255188,101349268,1693454,true
brock200_4.txt,Independent Set,200,Exact,2147483646,false,max,17.000000,1414.440943,na,325.083032,338570249,383476054,6967838,true
brock200_4.txt,Independent Set,200,Exact,2147483646,true,max,17.000000,1410.988060,639.862787,283.310353,338570249,383476054,6967838,true
c-fat200-1.txt,Independent Set,200,Exact,2147483646,true,max,12.000000,0.005991,0.001397,0.003390,5145,6034,40,true
c-fat200-1.txt,Independent Set,200,Exact,2147483646,false,max,12.000000,0.006291,na,0.002997,5145,6034,40,true
c-fat200-2.txt,Independent Set,200,Exact,2147483646,true,max,24.000000,0.005225,0.001124,0.004857,4170,5083,28,true
c-fat200-2.txt,Independent Set,200,Exact,2147483646,false,max,24.000000,0.005210,na,0.003068,4170,5083,28,true
c-fat200-5.txt,Independent Set,200,Exact,2147483646,true,max,58.000000,0.001511,0.000202,0.002559,959,1519,6,true
c-fat200-5.txt,Independent Set,200,Exact,2147483646,false,max,58.000000,0.001422,na,0.002888,959,1519,6,true
c-fat500-1.txt,Independent Set,500,Exact,2147483646,true,max,14.000000,0.064605,0.020141,0.013562,37936,40345,116,true
c-fat500-1.txt,Independent Set,500,Exact,2147483646,false,max,14.000000,0.063557,na,0.012940,37936,40345,116,true
c-fat500-2.txt,Independent Set,500,Exact,2147483646,true,max,26.000000,0.027408,0.004974,0.004696,15484,18001,37,true
c-fat500-2.txt,Independent Set,500,Exact,2147483646,false,max,26.000000,0.026869,na,0.005319,15484,18001,37,true
c-fat500-5.txt,Independent Set,500,Exact,2147483646,true,max,64.000000,0.013563,0.002129,0.003515,7022,9205,20,true
c-fat500-5.txt,Independent Set,500,Exact,2147483646,false,max,64.000000,0.013348,na,0.004706,7022,9205,20,true
c-fat500-10.txt,Independent Set,500,Exact,2147483646,true,max,126.000000,0.005610,0.000639,0.002897,2486,3973,6,true
c-fat500-10.txt,Independent Set,500,Exact,2147483646,false,max,126.000000,0.005689,na,0.003571,2486,3973,6,true
hamming6-2.txt,Independent Set,64,Exact,2147483646,true,max,32.000000,10.894486,4.863011,2.083747,4035162,5854315,254475,true
hamming6-2.txt,Independent Set,64,Exact,2147483646,false,max,32.000000,10.907482,na,2.023468,4035162,5854315,254475,true
hamming6-4.txt,Independent Set,64,Exact,2147483646,true,max,4.000000,0.005150,0.001499,0.003235,5402,6414,238,true
hamming6-4.txt,Independent Set,64,Exact,2147483646,false,max,4.000000,0.004619,na,0.002971,5402,6414,238,true
hamming8-4.txt,Independent Set,256,Exact,2147483646,false,max,16.000000,1848.441695,na,355.117607,400806438,443987361,9865584,true
hamming8-4.txt,Independent Set,256,Exact,2147483646,true,max,16.000000,1812.576937,756.162837,359.793114,400806438,443987361,9865584,true
johnson8-2-4.txt,Independent Set,28,Exact,2147483646,true,max,4.000000,0.000710,0.000142,0.002281,713,968,64,true
johnson8-2-4.txt,Independent Set,28,Exact,2147483646,false,max,4.000000,0.000706,na,0.002144,713,968,64,true
johnson8-4-4.txt,Independent Set,70,Exact,2147483646,true,max,14.000000,1.158474,0.433859,0.236300,526481,667221,40047,true
johnson8-4-4.txt,Independent Set,70,Exact,2147483646,false,max,14.000000,1.161373,na,0.237617,526481,667221,40047,true
johnson16-2-4.txt,Independent Set,120,Exact,2147483646,true,max,8.000000,0.894375,0.353214,0.189665,442385,573456,16384,true
johnson16-2-4.txt,Independent Set,120,Exact,2147483646,false,max,8.000000,0.874635,na,0.187328,442385,573456,16384,true
keller4.txt,Independent Set,171,Exact,2147483646,true,max,11.000000,20.391389,7.833988,3.941991,6721492,7756355,140850,true
keller4.txt,Independent Set,171,Exact,2147483646,false,max,11.000000,18.789667,na,3.767247,6721492,7756355,140850,true
p_hat300-1.txt,Independent Set,300,Exact,2147483646,true,max,8.000000,3.186056,1.034734,0.635897,1318695,1417033,15782,true
p_hat300-1.txt,Independent Set,300,Exact,2147483646,false,max,8.000000,3.164136,na,0.634320,1318695,1417033,15782,true
p_hat500-1.txt,Independent Set,500,Exact,2147483646,true,max,9.000000,64.075825,20.168351,11.376879,17341128,18305153,144037,true
p_hat500-1.txt,Independent Set,500,Exact,2147483646,false,max,9.000000,79.402027,na,15.375403,17341128,18305153,144037,true
p_hat300-2.txt,Independent Set,300,Exact,2147483646,false,max,25.000000,2763.041154,na,544.189480,569859063,673088996,17439782,true
p_hat700-1.txt,Independent Set,700,Exact,2147483646,true,max,11.000000,500.228183,185.149791,90.541090,90036711,94192731,599375,true
p_hat700-1.txt,Independent Set,700,Exact,2147483646,false,max,11.000000,439.506783,na,73.227848,90036711,94192731,599375,true
san200_0.7_2.txt,Independent Set,200,Exact,2147483646,true,max,18.000000,147.991280,67.156888,31.146072,44382484,49804154,539583,true
san200_0.7_2.txt,Independent Set,200,Exact,2147483646,false,max,18.000000,163.492362,na,34.805129,44382484,49804154,539583,true
san200_0.7_1.txt,Independent Set,200,Exact,2147483646,false,max,30.000000,1296.838063,na,228.437343,314409355,399597720,4271773,true
san200_0.7_1.txt,Independent Set,200,Exact,2147483646,true,max,30.000000,1313.572251,501.940816,226.431275,314409355,399597720,4271773,true
san400_0.5_1.txt,Independent Set,400,Exact,2147483646,true,max,13.000000,33.256945,10.313792,5.936386,9837378,12172614,87611,true
san400_0.5_1.txt,Independent Set,400,Exact,2147483646,false,max,13.000000,33.513728,na,5.796423,9837378,12172614,87611,true
set_cover_n100_m63_d0.2_b_w38_seed1.txt,Set Cover,100,Exact,2147483646,true,min,5.000000,187.417516,271.197749,23.692274,26481209,52249706,1315064,true
set_cover_n100_m63_d0.2_b_w38_seed1.txt,Set Cover,100,Exact,2147483646,false,min,5.000000,174.544911,na,32.345445,50104342,95518925,2180224,true
set_cover_n100_m63_d0.2_b_w38_seed2.txt,Set Cover,100,Exact,2147483646,false,min,5.000000,262.714911,na,46.627507,62396020,119057428,2382514,true
set_cover_n100_m63_d0.2_b_w38_seed3.txt,Set Cover,100,Exact,2147483646,false,min,5.000000,101.972333,na,17.948317,31444544,59448385,1368522,true
set_cover_n100_m63_d0.2_b_w38_seed2.txt,Set Cover,100,Exact,2147483646,true,min,5.000000,250.564971,391.646942,31.631611,31331820,61909151,1177935,true
set_cover_n100_m63_d0.2_b_w38_seed3.txt,Set Cover,100,Exact,2147483646,true,min,5.000000,103.244526,125.399144,12.756231,15355279,30183614,734374,true
set_cover_n100_m63_d0.3_b_w38_seed1.txt,Set Cover,100,Exact,2147483646,true,min,4.000000,1.611945,1.466911,0.313312,509572,1008502,15150,true
set_cover_n100_m63_d0.3_b_w38_seed1.txt,Set Cover,100,Exact,2147483646,false,min,4.000000,1.531717,na,0.296124,771685,1492313,23849,true
set_cover_n100_m63_d0.3_b_w38_seed2.txt,Set Cover,100,Exact,2147483646,true,min,4.000000,2.697493,2.847362,0.687083,695795,1380129,20308,true
set_cover_n100_m63_d0.3_b_w38_seed2.txt,Set Cover,100,Exact,2147483646,false,min,4.000000,2.744741,na,0.544068,999105,1941011,30537,true
set_cover_n100_m63_d0.3_b_w38_seed3.txt,Set Cover,100,Exact,2147483646,true,min,4.000000,1.830428,1.998102,0.392726,489055,967788,17361,true
set_cover_n100_m63_d0.3_b_w38_seed3.txt,Set Cover,100,Exact,2147483646,false,min,4.000000,1.815203,na,0.450070,749446,1447484,23231,true
set_cover_n100_m63_d0.3_b_w38_seed4.txt,Set Cover,100,Exact,2147483646,true,min,4.000000,2.656650,2.987826,0.491362,581668,1154165,19298,true
set_cover_n100_m63_d0.3_b_w38_seed4.txt,Set Cover,100,Exact,2147483646,false,min,4.000000,2.622013,na,0.502241,950919,1843663,32199,true
set_cover_n100_m63_d0.4_b_w38_seed1.txt,Set Cover,100,Exact,2147483646,true,min,2.000000,0.029849,0.011834,0.009571,20657,40949,363,true
set_cover_n100_m63_d0.4_b_w38_seed1.txt,Set Cover,100,Exact,2147483646,false,min,2.000000,0.028403,na,0.007514,20657,40949,363,true
set_cover_n100_m63_d0.4_b_w38_seed2.txt,Set Cover,100,Exact,2147483646,true,min,2.000000,0.029600,0.011284,0.009075,20657,40949,363,true
set_cover_n100_m63_d0.4_b_w38_seed2.txt,Set Cover,100,Exact,2147483646,false,min,2.000000,0.028582,na,0.007272,20657,40949,363,true
set_cover_n100_m63_d0.4_b_w38_seed3.txt,Set Cover,100,Exact,2147483646,true,min,2.000000,0.028768,0.011590,0.007199,20657,40949,363,true
set_cover_n100_m63_d0.4_b_w38_seed3.txt,Set Cover,100,Exact,2147483646,false,min,2.000000,0.029716,na,0.007111,20657,40949,363,true
set_cover_n100_m63_d0.4_b_w38_seed4.txt,Set Cover,100,Exact,2147483646,true,min,2.000000,0.028949,0.012235,0.007341,20657,40949,363,true
set_cover_n100_m63_d0.4_b_w38_seed4.txt,Set Cover,100,Exact,2147483646,false,min,2.000000,0.028182,na,0.007182,20657,40949,363,true
set_cover_n100_m63_d0.2_b_w38_seed4.txt,Set Cover,100,Exact,2147483646,false,min,5.000000,234.669918,na,42.583718,57833185,109694763,2936623,true
set_cover_n100_m63_d0.2_b_w38_seed4.txt,Set Cover,100,Exact,2147483646,true,min,5.000000,227.508438,318.856424,29.015458,30537598,60198377,1392461,true
set_cover_n100_m63_d0.5_b_w38_seed1.txt,Set Cover,100,Exact,2147483646,true,min,2.000000,0.027248,0.009949,0.007263,20657,40949,363,true
set_cover_n100_m63_d0.5_b_w38_seed1.txt,Set Cover,100,Exact,2147483646,false,min,2.000000,0.028100,na,0.006546,20657,40949,363,true
set_cover_n100_m63_d0.5_b_w38_seed2.txt,Set Cover,100,Exact,2147483646,true,min,2.000000,0.029031,0.009429,0.005919,20657,40949,363,true
set_cover_n100_m63_d0.5_b_w38_seed2.txt,Set Cover,100,Exact,2147483646,false,min,2.000000,0.026122,na,0.006147,20657,40949,363,true
set_cover_n100_m63_d0.5_b_w38_seed3.txt,Set Cover,100,Exact,2147483646,true,min,2.000000,0.027855,0.009915,0.006268,20657,40949,363,true
set_cover_n100_m63_d0.5_b_w38_seed3.txt,Set Cover,100,Exact,2147483646,false,min,2.000000,0.028572,na,0.006630,20657,40949,363,true
set_cover_n100_m63_d0.5_b_w38_seed4.txt,Set Cover,100,Exact,2147483646,true,min,2.000000,0.028439,0.010170,0.007738,20657,40949,363,true
set_cover_n100_m63_d0.5_b_w38_seed4.txt,Set Cover,100,Exact,2147483646,false,min,2.000000,0.027318,na,0.006422,20657,40949,363,true
set_cover_n100_m63_d0.15_b_w38_seed1.txt,Set Cover,100,Exact,2147483646,false,min,7.000000,2703.915311,na,418.190449,618789589,1156555402,38668548,true
set_cover_n100_m63_d0.15_b_w38_seed3.txt,Set Cover,100,Exact,2147483646,false,min,7.000000,1343.896776,na,261.604288,325120244,605622723,21623994,true
set_cover_n100_m63_d0.15_b_w38_seed2.txt,Set Cover,100,Exact,2147483646,false,min,6.000000,2616.424080,na,406.173683,605943519,1135951869,35493369,true
set_cover_n100_m63_d0.25_b_w38_seed1.txt,Set Cover,100,Exact,2147483646,true,min,4.000000,23.051790,25.090008,3.193509,4291005,8492662,156222,true
set_cover_n100_m63_d0.25_b_w38_seed1.txt,Set Cover,100,Exact,2147483646,false,min,4.000000,22.222041,na,3.646468,7517763,14446252,269055,true
set_cover_n100_m63_d0.25_b_w38_seed2.txt,Set Cover,100,Exact,2147483646,true,min,4.000000,22.219337,25.467916,3.509601,4565619,9035206,164539,true
set_cover_n100_m63_d0.25_b_w38_seed2.txt,Set Cover,100,Exact,2147483646,false,min,4.000000,22.411395,na,3.887475,7586926,14549277,336533,true
set_cover_n100_m63_d0.25_b_w38_seed3.txt,Set Cover,100,Exact,2147483646,true,min,4.000000,16.561191,17.276194,2.341031,3260539,6438640,116773,true
set_cover_n100_m63_d0.25_b_w38_seed3.txt,Set Cover,100,Exact,2147483646,false,min,4.000000,16.096136,na,2.638286,5606678,10707136,228537,true
set_cover_n100_m63_d0.15_b_w38_seed3.txt,Set Cover,100,Exact,2147483646,true,min,7.000000,1269.880833,1835.449582,135.264827,145169345,284040470,8479688,true
set_cover_n100_m63_d0.25_b_w38_seed4.txt,Set Cover,100,Exact,2147483646,false,min,4.000000,19.331278,na,3.354432,6532817,12560180,275717,true
set_cover_n100_m63_d0.35_b_w38_seed1.txt,Set Cover,100,Exact,2147483646,true,min,2.000000,0.153543,0.100265,0.036335,86175,171147,2031,true
set_cover_n100_m63_d0.35_b_w38_seed1.txt,Set Cover,100,Exact,2147483646,false,min,2.000000,0.154761,na,0.031564,111404,218140,2648,true
set_cover_n100_m63_d0.25_b_w38_seed4.txt,Set Cover,100,Exact,2147483646,true,min,4.000000,19.210846,21.280721,2.983062,3954657,7833376,140277,true
set_cover_n100_m63_d0.35_b_w38_seed2.txt,Set Cover,100,Exact,2147483646,true,min,2.000000,0.158498,0.098549,0.037373,87707,173996,2153,true
set_cover_n100_m63_d0.35_b_w38_seed2.txt,Set Cover,100,Exact,2147483646,false,min,2.000000,0.165823,na,0.031636,113595,222652,2662,true
set_cover_n100_m63_d0.35_b_w38_seed3.txt,Set Cover,100,Exact,2147483646,true,min,3.000000,0.166416,0.097202,0.037926,91836,182039,2312,true
set_cover_n100_m63_d0.35_b_w38_seed3.txt,Set Cover,100,Exact,2147483646,false,min,3.000000,0.166112,na,0.031872,114401,224517,2768,true
set_cover_n100_m63_d0.35_b_w38_seed4.txt,Set Cover,100,Exact,2147483646,true,min,2.000000,0.141071,0.078055,0.032226,78165,154892,1882,true
set_cover_n100_m63_d0.35_b_w38_seed4.txt,Set Cover,100,Exact,2147483646,false,min,2.000000,0.142504,na,0.027407,98116,192360,2442,true
set_cover_n100_m63_d0.45_b_w38_seed1.txt,Set Cover,100,Exact,2147483646,false,min,2.000000,0.027573,na,0.007964,20657,40949,363,true
set_cover_n100_m63_d0.45_b_w38_seed1.txt,Set Cover,100,Exact,2147483646,true,min,2.000000,0.027738,0.009805,0.006285,20657,40949,363,true
set_cover_n100_m63_d0.45_b_w38_seed2.txt,Set Cover,100,Exact,2147483646,false,min,2.000000,0.026640,na,0.006288,20657,40949,363,true
set_cover_n100_m63_d0.45_b_w38_seed2.txt,Set Cover,100,Exact,2147483646,true,min,2.000000,0.028500,0.010312,0.006823,20657,40949,363,true
set_cover_n100_m63_d0.45_b_w38_seed3.txt,Set Cover,100,Exact,2147483646,false,min,2.000000,0.027794,na,0.006102,20657,40949,363,true
set_cover_n100_m63_d0.45_b_w38_seed3.txt,Set Cover,100,Exact,2147483646,true,min,2.000000,0.029318,0.010104,0.006265,20657,40949,363,true
set_cover_n100_m63_d0.45_b_w38_seed4.txt,Set Cover,100,Exact,2147483646,false,min,2.000000,0.027812,na,0.006033,20657,40949,363,true
set_cover_n100_m63_d0.45_b_w38_seed4.txt,Set Cover,100,Exact,2147483646,true,min,2.000000,0.027706,0.009734,0.005809,20657,40949,363,true
set_cover_n100_m63_d0.15_b_w38_seed4.txt,Set Cover,100,Exact,2147483646,false,min,6.000000,1696.210960,na,294.574676,453667357,841416670,28084057,true
set_cover_n100_m66_d0.2_b_w35_seed1.txt,Set Cover,100,Exact,2147483646,true,min,5.000000,94.127188,117.697592,10.752955,13167564,25858735,667525,true
set_cover_n100_m66_d0.2_b_w35_seed1.txt,Set Cover,100,Exact,2147483646,false,min,5.000000,113.198089,na,19.592369,28285744,53317864,1708613,true
set_cover_n100_m66_d0.2_b_w35_seed2.txt,Set Cover,100,Exact,2147483646,false,min,5.000000,98.288912,na,16.103248,29723780,56283905,1109778,true
set_cover_n100_m66_d0.2_b_w35_seed2.txt,Set Cover,100,Exact,2147483646,true,min,5.000000,125.610724,147.603839,15.013745,15995607,31484514,672561,true
set_cover_n100_m66_d0.2_b_w35_seed3.txt,Set Cover,100,Exact,2147483646,false,min,5.000000,96.052023,na,16.429595,24694740,46718065,1130921,true
set_cover_n100_m66_d0.2_b_w35_seed3.txt,Set Cover,100,Exact,2147483646,true,min,5.000000,93.702473,126.990322,12.097888,12688051,24978363,494843,true
set_cover_n100_m66_d0.2_b_w35_seed4.txt,Set Cover,100,Exact,2147483646,false,min,5.000000,110.681471,na,18.835079,26580206,50230066,1271093,true
set_cover_n100_m66_d0.3_b_w35_seed1.txt,Set Cover,100,Exact,2147483646,true,min,4.000000,0.764336,0.662536,0.178222,244448,484157,7288,true
set_cover_n100_m66_d0.3_b_w35_seed1.txt,Set Cover,100,Exact,2147483646,false,min,4.000000,0.758175,na,0.160340,359613,699335,10854,true
set_cover_n100_m66_d0.2_b_w35_seed4.txt,Set Cover,100,Exact,2147483646,true,min,5.000000,109.905858,146.335911,15.566349,13797161,27108673,656570,true
set_cover_n100_m66_d0.3_b_w35_seed2.txt,Set Cover,100,Exact,2147483646,true,min,3.000000,0.838327,0.718355,0.207480,284646,563784,9623,true
set_cover_n100_m66_d0.3_b_w35_seed2.txt,Set Cover,100,Exact,2147483646,false,min,3.000000,0.811843,na,0.177212,395221,766497,13224,true
set_cover_n100_m66_d0.3_b_w35_seed3.txt,Set Cover,100,Exact,2147483646,true,min,3.000000,0.858859,0.800287,0.213354,281705,558274,8445,true
set_cover_n100_m66_d0.3_b_w35_seed3.txt,Set Cover,100,Exact,2147483646,false,min,3.000000,0.862562,na,0.196618,407226,791122,12621,true
set_cover_n100_m66_d0.3_b_w35_seed4.txt,Set Cover,100,Exact,2147483646,true,min,4.000000,0.581420,0.452093,0.157044,228991,453128,6822,true
set_cover_n100_m66_d0.3_b_w35_seed4.txt,Set Cover,100,Exact,2147483646,false,min,4.000000,0.599561,na,0.121984,304989,592414,8844,true
set_cover_n100_m66_d0.4_b_w35_seed1.txt,Set Cover,100,Exact,2147483646,true,min,2.000000,0.037174,0.015532,0.008841,25564,50595,531,true
set_cover_n100_m66_d0.4_b_w35_seed1.txt,Set Cover,100,Exact,2147483646,false,min,2.000000,0.037244,na,0.008673,25564,50595,531,true
set_cover_n100_m66_d0.4_b_w35_seed2.txt,Set Cover,100,Exact,2147483646,true,min,2.000000,0.039109,0.015697,0.008899,25564,50595,531,true
set_cover_n100_m66_d0.4_b_w35_seed2.txt,Set Cover,100,Exact,2147483646,false,min,2.000000,0.037345,na,0.009100,25564,50595,531,true
set_cover_n100_m66_d0.4_b_w35_seed3.txt,Set Cover,100,Exact,2147483646,true,min,2.000000,0.037716,0.015771,0.009033,25564,50595,531,true
set_cover_n100_m66_d0.4_b_w35_seed3.txt,Set Cover,100,Exact,2147483646,false,min,2.000000,0.037427,na,0.009803,25564,50595,531,true
set_cover_n100_m66_d0.4_b_w35_seed4.txt,Set Cover,100,Exact,2147483646,true,min,2.000000,0.039091,0.015950,0.008908,25564,50595,531,true
set_cover_n100_m66_d0.4_b_w35_seed4.txt,Set Cover,100,Exact,2147483646,false,min,2.000000,0.039257,na,0.008334,25564,50595,531,true
set_cover_n100_m66_d0.5_b_w35_seed1.txt,Set Cover,100,Exact,2147483646,true,min,2.000000,0.035875,0.014327,0.008302,25564,50595,531,true
set_cover_n100_m66_d0.5_b_w35_seed1.txt,Set Cover,100,Exact,2147483646,false,min,2.000000,0.035431,na,0.007925,25564,50595,531,true
set_cover_n100_m66_d0.5_b_w35_seed2.txt,Set Cover,100,Exact,2147483646,true,min,2.000000,0.037281,0.013633,0.009197,25564,50595,531,true
set_cover_n100_m66_d0.5_b_w35_seed2.txt,Set Cover,100,Exact,2147483646,false,min,2.000000,0.036903,na,0.007784,25564,50595,531,true
set_cover_n100_m66_d0.5_b_w35_seed3.txt,Set Cover,100,Exact,2147483646,true,min,2.000000,0.037304,0.014236,0.007996,25564,50595,531,true
set_cover_n100_m66_d0.5_b_w35_seed3.txt,Set Cover,100,Exact,2147483646,false,min,2.000000,0.035587,na,0.007917,25564,50595,531,true
set_cover_n100_m66_d0.5_b_w35_seed4.txt,Set Cover,100,Exact,2147483646,true,min,2.000000,0.037089,0.014267,0.008034,25564,50595,531,true
set_cover_n100_m66_d0.5_b_w35_seed4.txt,Set Cover,100,Exact,2147483646,false,min,2.000000,0.036991,na,0.008148,25564,50595,531,true
set_cover_n100_m66_d0.15_b_w35_seed1.txt,Set Cover,100,Exact,2147483646,false,min,6.000000,862.292338,na,163.700073,214238998,398003639,12196451,true
set_cover_n100_m66_d0.15_b_w35_seed1.txt,Set Cover,100,Exact,2147483646,true,min,6.000000,744.656614,1028.470104,70.312486,76592411,149259216,4288330,true
set_cover_n100_m66_d0.15_b_w35_seed2.txt,Set Cover,100,Exact,2147483646,false,min,7.000000,1717.849146,na,268.066532,441619511,823183613,24916937,true
set_cover_n100_m66_d0.15_b_w35_seed3.txt,Set Cover,100,Exact,2147483646,false,min,7.000000,1965.474002,na,313.867652,492834140,906042100,46977541,true
set_cover_n100_m66_d0.25_b_w35_seed1.txt,Set Cover,100,Exact,2147483646,true,min,4.000000,11.004726,12.369507,1.402210,1801053,3557520,67925,true
set_cover_n100_m66_d0.25_b_w35_seed1.txt,Set Cover,100,Exact,2147483646,false,min,4.000000,10.597447,na,1.714342,3643835,6960005,169124,true
set_cover_n100_m66_d0.25_b_w35_seed2.txt,Set Cover,100,Exact,2147483646,true,min,4.000000,9.267648,9.786907,1.468976,1874990,3704756,72000,true
set_cover_n100_m66_d0.25_b_w35_seed2.txt,Set Cover,100,Exact,2147483646,false,min,4.000000,9.474223,na,1.517430,3250155,6213828,128870,true
set_cover_n100_m66_d0.25_b_w35_seed3.txt,Set Cover,100,Exact,2147483646,true,min,4.000000,9.699106,10.336765,1.467570,1911165,3776556,59739,true
set_cover_n100_m66_d0.25_b_w35_seed3.txt,Set Cover,100,Exact,2147483646,false,min,4.000000,9.756501,na,1.606824,3288212,6301361,105217,true
set_cover_n100_m66_d0.25_b_w35_seed4.txt,Set Cover,100,Exact,2147483646,true,min,4.000000,7.067943,6.926491,1.171688,1582850,3123819,67747,true
set_cover_n100_m66_d0.25_b_w35_seed4.txt,Set Cover,100,Exact,2147483646,false,min,4.000000,7.186114,na,1.182313,2424002,4636974,108930,true
set_cover_n100_m66_d0.35_b_w35_seed1.txt,Set Cover,100,Exact,2147483646,true,min,2.000000,0.034490,0.014237,0.007856,25564,50595,531,true
set_cover_n100_m66_d0.35_b_w35_seed1.txt,Set Cover,100,Exact,2147483646,false,min,2.000000,0.034402,na,0.007578,25564,50595,531,true
set_cover_n100_m66_d0.35_b_w35_seed2.txt,Set Cover,100,Exact,2147483646,true,min,2.000000,0.036609,0.013936,0.007911,25564,50595,531,true
set_cover_n100_m66_d0.35_b_w35_seed2.txt,Set Cover,100,Exact,2147483646,false,min,2.000000,0.036043,na,0.007616,25564,50595,531,true
set_cover_n100_m66_d0.35_b_w35_seed3.txt,Set Cover,100,Exact,2147483646,true,min,2.000000,0.034228,0.013950,0.008276,25564,50595,531,true
set_cover_n100_m66_d0.35_b_w35_seed3.txt,Set Cover,100,Exact,2147483646,false,min,2.000000,0.039367,na,0.009097,25564,50595,531,true
set_cover_n100_m66_d0.35_b_w35_seed4.txt,Set Cover,100,Exact,2147483646,true,min,2.000000,0.037617,0.015571,0.009373,25564,50595,531,true
set_cover_n100_m66_d0.35_b_w35_seed4.txt,Set Cover,100,Exact,2147483646,false,min,2.000000,0.037402,na,0.009030,25564,50595,531,true
set_cover_n100_m66_d0.45_b_w35_seed1.txt,Set Cover,100,Exact,2147483646,true,min,2.000000,0.039744,0.015923,0.009482,25564,50595,531,true
set_cover_n100_m66_d0.45_b_w35_seed1.txt,Set Cover,100,Exact,2147483646,false,min,2.000000,0.037558,na,0.009258,25564,50595,531,true
set_cover_n100_m66_d0.45_b_w35_seed2.txt,Set Cover,100,Exact,2147483646,true,min,2.000000,0.039435,0.015834,0.009118,25564,50595,531,true
set_cover_n100_m66_d0.45_b_w35_seed2.txt,Set Cover,100,Exact,2147483646,false,min,2.000000,0.037574,na,0.009164,25564,50595,531,true
set_cover_n100_m66_d0.45_b_w35_seed3.txt,Set Cover,100,Exact,2147483646,true,min,2.000000,0.039684,0.015822,0.009310,25564,50595,531,true
set_cover_n100_m66_d0.45_b_w35_seed3.txt,Set Cover,100,Exact,2147483646,false,min,2.000000,0.037802,na,0.008810,25564,50595,531,true
set_cover_n100_m66_d0.45_b_w35_seed4.txt,Set Cover,100,Exact,2147483646,true,min,2.000000,0.037791,0.015401,0.009484,25564,50595,531,true
set_cover_n100_m66_d0.45_b_w35_seed4.txt,Set Cover,100,Exact,2147483646,false,min,2.000000,0.039668,na,0.009416,25564,50595,531,true
set_cover_n100_m66_d0.15_b_w35_seed4.txt,Set Cover,100,Exact,2147483646,false,min,7.000000,912.236619,na,148.686698,220838748,409171659,13409081,true
set_cover_n100_m66_d0.15_b_w35_seed4.txt,Set Cover,100,Exact,2147483646,true,min,7.000000,933.387392,1047.055680,105.231413,107194506,208933581,5844164,true
set_cover_n100_m69_d0.2_b_w32_seed1.txt,Set Cover,100,Exact,2147483646,true,min,5.000000,62.333679,77.097159,6.903351,7803066,15328325,323948,true
set_cover_n100_m69_d0.2_b_w32_seed1.txt,Set Cover,100,Exact,2147483646,false,min,5.000000,73.049998,na,12.355790,18214043,34064181,977803,true
set_cover_n100_m69_d0.2_b_w32_seed2.txt,Set Cover,100,Exact,2147483646,false,min,5.000000,93.000328,na,15.705043,28603177,53005427,2135156,true
set_cover_n100_m69_d0.2_b_w32_seed2.txt,Set Cover,100,Exact,2147483646,true,min,5.000000,94.822160,132.154710,9.441649,11370074,22317476,657755,true
set_cover_n100_m69_d0.2_b_w32_seed3.txt,Set Cover,100,Exact,2147483646,false,min,5.000000,114.427896,na,19.569244,28455871,53405966,1835822,true
set_cover_n100_m69_d0.2_b_w32_seed3.txt,Set Cover,100,Exact,2147483646,true,min,5.000000,114.673623,171.941097,13.416811,13533554,26645270,905796,true
set_cover_n100_m69_d0.2_b_w32_seed4.txt,Set Cover,100,Exact,2147483646,true,min,5.000000,62.789673,69.559370,9.186203,11021576,21709663,720292,true
set_cover_n100_m69_d0.2_b_w32_seed4.txt,Set Cover,100,Exact,2147483646,false,min,5.000000,62.966707,na,10.482828,18881379,35541625,1267055,true
set_cover_n100_m69_d0.3_b_w32_seed1.txt,Set Cover,100,Exact,2147483646,true,min,3.000000,0.142593,0.079118,0.031755,71697,141516,1802,true
set_cover_n100_m69_d0.3_b_w32_seed1.txt,Set Cover,100,Exact,2147483646,false,min,3.000000,0.133200,na,0.027572,90574,176170,2257,true
set_cover_n100_m69_d0.3_b_w32_seed2.txt,Set Cover,100,Exact,2147483646,true,min,3.000000,0.152617,0.097488,0.035891,79179,156435,2137,true
set_cover_n100_m69_d0.3_b_w32_seed2.txt,Set Cover,100,Exact,2147483646,false,min,3.000000,0.158703,na,0.029996,102364,199333,2967,true
set_cover_n100_m69_d0.3_b_w32_seed3.txt,Set Cover,100,Exact,2147483646,true,min,3.000000,0.163217,0.087613,0.034101,86388,170554,2456,true
set_cover_n100_m69_d0.3_b_w32_seed3.txt,Set Cover,100,Exact,2147483646,false,min,3.000000,0.156355,na,0.029392,107920,209935,3538,true
set_cover_n100_m69_d0.3_b_w32_seed4.txt,Set Cover,100,Exact,2147483646,true,min,3.000000,0.142548,0.073916,0.029759,77147,152459,2100,true
set_cover_n100_m69_d0.3_b_w32_seed4.txt,Set Cover,100,Exact,2147483646,false,min,3.000000,0.143306,na,0.025993,96163,187252,2780,true
set_cover_n100_m69_d0.4_b_w32_seed1.txt,Set Cover,100,Exact,2147483646,true,min,3.000000,0.038949,0.014986,0.008472,28528,56334,699,true
set_cover_n100_m69_d0.4_b_w32_seed1.txt,Set Cover,100,Exact,2147483646,false,min,3.000000,0.040720,na,0.008504,28528,56334,699,true
set_cover_n100_m69_d0.4_b_w32_seed2.txt,Set Cover,100,Exact,2147483646,true,min,3.000000,0.038509,0.015055,0.008319,28528,56334,699,true
set_cover_n100_m69_d0.4_b_w32_seed2.txt,Set Cover,100,Exact,2147483646,false,min,3.000000,0.040476,na,0.008272,28528,56334,699,true
set_cover_n100_m69_d0.4_b_w32_seed3.txt,Set Cover,100,Exact,2147483646,true,min,3.000000,0.040595,0.014671,0.008332,28528,56334,699,true
set_cover_n100_m69_d0.4_b_w32_seed3.txt,Set Cover,100,Exact,2147483646,false,min,3.000000,0.040433,na,0.008235,28528,56334,699,true
set_cover_n100_m69_d0.4_b_w32_seed4.txt,Set Cover,100,Exact,2147483646,true,min,3.000000,0.040823,0.014983,0.008455,28528,56334,699,true
set_cover_n100_m69_d0.4_b_w32_seed4.txt,Set Cover,100,Exact,2147483646,false,min,3.000000,0.038473,na,0.007895,28528,56334,699,true
set_cover_n100_m69_d0.5_b_w32_seed1.txt,Set Cover,100,Exact,2147483646,true,min,3.000000,0.041983,0.015804,0.008524,28528,56334,699,true
set_cover_n100_m69_d0.5_b_w32_seed1.txt,Set Cover,100,Exact,2147483646,false,min,3.000000,0.039763,na,0.008655,28528,56334,699,true
set_cover_n100_m69_d0.5_b_w32_seed2.txt,Set Cover,100,Exact,2147483646,true,min,3.000000,0.042066,0.016194,0.009047,28528,56334,699,true
set_cover_n100_m69_d0.5_b_w32_seed2.txt,Set Cover,100,Exact,2147483646,false,min,3.000000,0.039917,na,0.008648,28528,56334,699,true
set_cover_n100_m69_d0.5_b_w32_seed3.txt,Set Cover,100,Exact,2147483646,true,min,3.000000,0.040490,0.016123,0.009543,28528,56334,699,true
set_cover_n100_m69_d0.5_b_w32_seed3.txt,Set Cover,100,Exact,2147483646,false,min,3.000000,0.040287,na,0.009659,28528,56334,699,true
set_cover_n100_m69_d0.5_b_w32_seed4.txt,Set Cover,100,Exact,2147483646,true,min,3.000000,0.040083,0.016682,0.009023,28528,56334,699,true
set_cover_n100_m69_d0.5_b_w32_seed4.txt,Set Cover,100,Exact,2147483646,false,min,3.000000,0.041876,na,0.009320,28528,56334,699,true
set_cover_n100_m69_d0.15_b_w32_seed1.txt,Set Cover,100,Exact,2147483646,false,min,7.000000,1460.077908,na,190.448877,311348972,573891011,23065467,true
set_cover_n100_m69_d0.25_b_w32_seed1.txt,Set Cover,100,Exact,2147483646,true,min,4.000000,3.566884,3.262127,0.524319,768493,1516847,27392,true
set_cover_n100_m69_d0.25_b_w32_seed1.txt,Set Cover,100,Exact,2147483646,false,min,4.000000,3.526588,na,0.575701,1302738,2485876,46501,true
set_cover_n100_m69_d0.25_b_w32_seed2.txt,Set Cover,100,Exact,2147483646,true,min,4.000000,4.039457,4.056182,0.599475,852560,1678443,35782,true
set_cover_n100_m69_d0.25_b_w32_seed2.txt,Set Cover,100,Exact,2147483646,false,min,4.000000,4.288133,na,0.738141,1527109,2900523,96130,true
set_cover_n100_m69_d0.25_b_w32_seed3.txt,Set Cover,100,Exact,2147483646,true,min,4.000000,3.700234,3.475760,0.558183,819108,1615392,33678,true
set_cover_n100_m69_d0.25_b_w32_seed3.txt,Set Cover,100,Exact,2147483646,false,min,4.000000,3.720210,na,0.632230,1350595,2577955,66177,true
set_cover_n100_m69_d0.25_b_w32_seed4.txt,Set Cover,100,Exact,2147483646,true,min,4.000000,3.808743,3.741528,0.601904,886899,1753015,38019,true
set_cover_n100_m69_d0.25_b_w32_seed4.txt,Set Cover,100,Exact,2147483646,false,min,4.000000,3.878141,na,0.626562,1418444,2715744,73944,true
set_cover_n100_m69_d0.35_b_w32_seed1.txt,Set Cover,100,Exact,2147483646,true,min,3.000000,0.039490,0.015418,0.008692,28528,56334,699,true
set_cover_n100_m69_d0.35_b_w32_seed1.txt,Set Cover,100,Exact,2147483646,false,min,3.000000,0.039720,na,0.008557,28528,56334,699,true
set_cover_n100_m69_d0.35_b_w32_seed2.txt,Set Cover,100,Exact,2147483646,true,min,3.000000,0.041641,0.015868,0.009804,28528,56334,699,true
set_cover_n100_m69_d0.35_b_w32_seed2.txt,Set Cover,100,Exact,2147483646,false,min,3.000000,0.039608,na,0.009155,28528,56334,699,true
set_cover_n100_m69_d0.35_b_w32_seed3.txt,Set Cover,100,Exact,2147483646,true,min,3.000000,0.040946,0.016680,0.009238,28528,56334,699,true
set_cover_n100_m69_d0.35_b_w32_seed3.txt,Set Cover,100,Exact,2147483646,false,min,3.000000,0.039603,na,0.008970,28528,56334,699,true
set_cover_n100_m69_d0.35_b_w32_seed4.txt,Set Cover,100,Exact,2147483646,true,min,3.000000,0.042020,0.016420,0.009561,28528,56334,699,true
set_cover_n100_m69_d0.35_b_w32_seed4.txt,Set Cover,100,Exact,2147483646,false,min,3.000000,0.040186,na,0.012388,28528,56334,699,true
set_cover_n100_m69_d0.45_b_w32_seed1.txt,Set Cover,100,Exact,2147483646,true,min,3.000000,0.040074,0.016547,0.009785,28528,56334,699,true
set_cover_n100_m69_d0.45_b_w32_seed1.txt,Set Cover,100,Exact,2147483646,false,min,3.000000,0.042054,na,0.009486,28528,56334,699,true
set_cover_n100_m69_d0.45_b_w32_seed2.txt,Set Cover,100,Exact,2147483646,true,min,3.000000,0.039446,0.015892,0.009741,28528,56334,699,true
set_cover_n100_m69_d0.45_b_w32_seed2.txt,Set Cover,100,Exact,2147483646,false,min,3.000000,0.041407,na,0.009009,28528,56334,699,true
set_cover_n100_m69_d0.45_b_w32_seed3.txt,Set Cover,100,Exact,2147483646,true,min,3.000000,0.040963,0.018220,0.009449,28528,56334,699,true
set_cover_n100_m69_d0.45_b_w32_seed3.txt,Set Cover,100,Exact,2147483646,false,min,3.000000,0.041934,na,0.009672,28528,56334,699,true
set_cover_n100_m69_d0.45_b_w32_seed4.txt,Set Cover,100,Exact,2147483646,true,min,3.000000,0.040120,0.015827,0.009367,28528,56334,699,true
set_cover_n100_m69_d0.45_b_w32_seed4.txt,Set Cover,100,Exact,2147483646,false,min,3.000000,0.041318,na,0.009092,28528,56334,699,true
set_cover_n100_m69_d0.15_b_w32_seed3.txt,Set Cover,100,Exact,2147483646,false,min,7.000000,2054.791152,na,264.254425,431608717,795178421,27629041,true
set_cover_n100_m69_d0.15_b_w32_seed4.txt,Set Cover,100,Exact,2147483646,false,min,7.000000,1377.067899,na,229.254484,390783193,721505421,24533545,true
set_cover_n100_m72_d0.2_b_w29_seed1.txt,Set Cover,100,Exact,2147483646,true,min,5.000000,30.986030,37.976366,3.340822,4316244,8471104,312266,true
set_cover_n100_m72_d0.2_b_w29_seed1.txt,Set Cover,100,Exact,2147483646,false,min,5.000000,31.575164,na,5.212709,9961144,18499086,937723,true
set_cover_n100_m72_d0.2_b_w29_seed2.txt,Set Cover,100,Exact,2147483646,false,min,5.000000,42.591877,na,6.647578,12920895,24075578,913491,true
set_cover_n100_m72_d0.2_b_w29_seed2.txt,Set Cover,100,Exact,2147483646,true,min,5.000000,43.393427,45.350057,4.655670,5644886,11079814,321260,true
set_cover_n100_m72_d0.2_b_w29_seed3.txt,Set Cover,100,Exact,2147483646,false,min,5.000000,75.912447,na,13.611993,21543641,40098970,2032187,true
set_cover_n100_m72_d0.2_b_w29_seed3.txt,Set Cover,100,Exact,2147483646,true,min,5.000000,72.031335,111.049337,7.827356,8600049,17001452,749969,true
set_cover_n100_m72_d0.2_b_w29_seed4.txt,Set Cover,100,Exact,2147483646,false,min,5.000000,57.485404,na,9.552561,14236713,26498033,1232617,true
set_cover_n100_m72_d0.2_b_w29_seed4.txt,Set Cover,100,Exact,2147483646,true,min,5.000000,58.621403,75.042939,6.693872,6058076,11924050,481416,true
set_cover_n100_m72_d0.3_b_w29_seed1.txt,Set Cover,100,Exact,2147483646,true,min,3.000000,0.046549,0.020420,0.010437,29319,57766,750,true
set_cover_n100_m72_d0.3_b_w29_seed1.txt,Set Cover,100,Exact,2147483646,false,min,3.000000,0.046656,na,0.010471,29319,57766,750,true
set_cover_n100_m72_d0.3_b_w29_seed2.txt,Set Cover,100,Exact,2147483646,true,min,3.000000,0.046505,0.019769,0.010996,29319,57766,750,true
set_cover_n100_m72_d0.3_b_w29_seed2.txt,Set Cover,100,Exact,2147483646,false,min,3.000000,0.046333,na,0.010777,29319,57766,750,true
set_cover_n100_m72_d0.3_b_w29_seed3.txt,Set Cover,100,Exact,2147483646,true,min,3.000000,0.044471,0.020719,0.011185,29319,57766,750,true
set_cover_n100_m72_d0.3_b_w29_seed3.txt,Set Cover,100,Exact,2147483646,false,min,3.000000,0.044344,na,0.010500,29319,57766,750,true
set_cover_n100_m72_d0.3_b_w29_seed4.txt,Set Cover,100,Exact,2147483646,true,min,3.000000,0.040744,0.015960,0.007850,29319,57766,750,true
set_cover_n100_m72_d0.3_b_w29_seed4.txt,Set Cover,100,Exact,2147483646,false,min,3.000000,0.046313,na,0.010697,29319,57766,750,true
set_cover_n100_m72_d0.4_b_w29_seed1.txt,Set Cover,100,Exact,2147483646,true,min,3.000000,0.046413,0.020966,0.010716,29319,57766,750,true
set_cover_n100_m72_d0.4_b_w29_seed1.txt,Set Cover,100,Exact,2147483646,false,min,3.000000,0.044602,na,0.010663,29319,57766,750,true
set_cover_n100_m72_d0.4_b_w29_seed2.txt,Set Cover,100,Exact,2147483646,true,min,3.000000,0.044499,0.020401,0.010705,29319,57766,750,true
set_cover_n100_m72_d0.4_b_w29_seed2.txt,Set Cover,100,Exact,2147483646,false,min,3.000000,0.053358,na,0.008400,29319,57766,750,true
set_cover_n100_m72_d0.4_b_w29_seed3.txt,Set Cover,100,Exact,2147483646,true,min,3.000000,0.056961,0.016143,0.008603,29319,57766,750,true
set_cover_n100_m72_d0.4_b_w29_seed3.txt,Set Cover,100,Exact,2147483646,false,min,3.000000,0.044278,na,0.010719,29319,57766,750,true
set_cover_n100_m72_d0.4_b_w29_seed4.txt,Set Cover,100,Exact,2147483646,true,min,3.000000,0.044064,0.020505,0.010428,29319,57766,750,true
set_cover_n100_m72_d0.4_b_w29_seed4.txt,Set Cover,100,Exact,2147483646,false,min,3.000000,0.046234,na,0.010823,29319,57766,750,true
set_cover_n100_m72_d0.5_b_w29_seed1.txt,Set Cover,100,Exact,2147483646,true,min,3.000000,0.043513,0.017363,0.009793,29319,57766,750,true
set_cover_n100_m72_d0.5_b_w29_seed1.txt,Set Cover,100,Exact,2147483646,false,min,3.000000,0.043609,na,0.009332,29319,57766,750,true
set_cover_n100_m72_d0.5_b_w29_seed2.txt,Set Cover,100,Exact,2147483646,true,min,3.000000,0.043688,0.017165,0.009090,29319,57766,750,true
set_cover_n100_m72_d0.5_b_w29_seed2.txt,Set Cover,100,Exact,2147483646,false,min,3.000000,0.041708,na,0.009320,29319,57766,750,true
set_cover_n100_m72_d0.5_b_w29_seed3.txt,Set Cover,100,Exact,2147483646,true,min,3.000000,0.041849,0.017396,0.009334,29319,57766,750,true
set_cover_n100_m72_d0.5_b_w29_seed3.txt,Set Cover,100,Exact,2147483646,false,min,3.000000,0.041946,na,0.009154,29319,57766,750,true
set_cover_n100_m72_d0.5_b_w29_seed4.txt,Set Cover,100,Exact,2147483646,true,min,3.000000,0.042361,0.017337,0.010123,29319,57766,750,true
set_cover_n100_m72_d0.5_b_w29_seed4.txt,Set Cover,100,Exact,2147483646,false,min,3.000000,0.041695,na,0.010769,29319,57766,750,true
set_cover_n100_m72_d0.15_b_w29_seed1.txt,Set Cover,100,Exact,2147483646,false,min,7.000000,1180.443888,na,235.226828,240621190,441463163,23300746,true
set_cover_n100_m72_d0.15_b_w29_seed1.txt,Set Cover,100,Exact,2147483646,true,min,7.000000,1114.706197,1539.818610,85.310004,88553373,173037768,9175118,true
set_cover_n100_m72_d0.15_b_w29_seed2.txt,Set Cover,100,Exact,2147483646,false,min,7.000000,979.561681,na,179.438829,211615865,385332121,23695161,true
set_cover_n100_m72_d0.15_b_w29_seed2.txt,Set Cover,100,Exact,2147483646,true,min,7.000000,961.164404,1243.064739,82.641792,80369568,156818835,6323609,true
set_cover_n100_m72_d0.25_b_w29_seed1.txt,Set Cover,100,Exact,2147483646,true,min,4.000000,1.291739,1.110536,0.206598,313059,615980,15547,true
set_cover_n100_m72_d0.25_b_w29_seed1.txt,Set Cover,100,Exact,2147483646,false,min,4.000000,1.283379,na,0.227603,564261,1066540,35281,true
set_cover_n100_m72_d0.25_b_w29_seed2.txt,Set Cover,100,Exact,2147483646,true,min,4.000000,1.298249,1.098989,0.212937,331294,652587,16017,true
set_cover_n100_m72_d0.25_b_w29_seed2.txt,Set Cover,100,Exact,2147483646,false,min,4.000000,1.371271,na,0.245165,567824,1079191,35736,true
set_cover_n100_m72_d0.25_b_w29_seed3.txt,Set Cover,100,Exact,2147483646,true,min,4.000000,1.714725,1.539414,0.256679,370207,729849,15349,true
set_cover_n100_m72_d0.25_b_w29_seed3.txt,Set Cover,100,Exact,2147483646,false,min,4.000000,1.732780,na,0.312063,690767,1310240,51202,true
set_cover_n100_m72_d0.25_b_w29_seed4.txt,Set Cover,100,Exact,2147483646,true,min,4.000000,2.071688,1.935529,0.339008,407210,802561,22318,true
set_cover_n100_m72_d0.25_b_w29_seed4.txt,Set Cover,100,Exact,2147483646,false,min,4.000000,2.132214,na,0.387489,750378,1423035,55131,true
set_cover_n100_m72_d0.35_b_w29_seed1.txt,Set Cover,100,Exact,2147483646,true,min,3.000000,0.043778,0.018270,0.010096,29319,57766,750,true
set_cover_n100_m72_d0.35_b_w29_seed1.txt,Set Cover,100,Exact,2147483646,false,min,3.000000,0.041189,na,0.009677,29319,57766,750,true
set_cover_n100_m72_d0.15_b_w29_seed3.txt,Set Cover,100,Exact,2147483646,false,min,7.000000,1132.545881,na,183.096001,314132869,580386349,18536379,true
set_cover_n100_m72_d0.35_b_w29_seed2.txt,Set Cover,100,Exact,2147483646,true,min,3.000000,0.041875,0.017600,0.010552,29319,57766,750,true
set_cover_n100_m72_d0.35_b_w29_seed2.txt,Set Cover,100,Exact,2147483646,false,min,3.000000,0.043912,na,0.010706,29319,57766,750,true
set_cover_n100_m72_d0.35_b_w29_seed3.txt,Set Cover,100,Exact,2147483646,true,min,3.000000,0.044111,0.018665,0.011254,29319,57766,750,true
set_cover_n100_m72_d0.35_b_w29_seed3.txt,Set Cover,100,Exact,2147483646,false,min,3.000000,0.043765,na,0.010589,29319,57766,750,true
set_cover_n100_m72_d0.35_b_w29_seed4.txt,Set Cover,100,Exact,2147483646,true,min,3.000000,0.041831,0.017918,0.009818,29319,57766,750,true
set_cover_n100_m72_d0.35_b_w29_seed4.txt,Set Cover,100,Exact,2147483646,false,min,3.000000,0.043311,na,0.009536,29319,57766,750,true
set_cover_n100_m72_d0.45_b_w29_seed1.txt,Set Cover,100,Exact,2147483646,true,min,3.000000,0.046396,0.017884,0.009972,29319,57766,750,true
set_cover_n100_m72_d0.45_b_w29_seed1.txt,Set Cover,100,Exact,2147483646,false,min,3.000000,0.044280,na,0.009546,29319,57766,750,true
set_cover_n100_m72_d0.45_b_w29_seed2.txt,Set Cover,100,Exact,2147483646,true,min,3.000000,0.041198,0.016856,0.009904,29319,57766,750,true
set_cover_n100_m72_d0.45_b_w29_seed2.txt,Set Cover,100,Exact,2147483646,false,min,3.000000,0.043262,na,0.009138,29319,57766,750,true
set_cover_n100_m72_d0.45_b_w29_seed3.txt,Set Cover,100,Exact,2147483646,true,min,3.000000,0.041221,0.016547,0.010179,29319,57766,750,true
set_cover_n100_m72_d0.45_b_w29_seed3.txt,Set Cover,100,Exact,2147483646,false,min,3.000000,0.043659,na,0.010166,29319,57766,750,true
set_cover_n100_m72_d0.45_b_w29_seed4.txt,Set Cover,100,Exact,2147483646,true,min,3.000000,0.043186,0.017620,0.009672,29319,57766,750,true
set_cover_n100_m72_d0.45_b_w29_seed4.txt,Set Cover,100,Exact,2147483646,false,min,3.000000,0.043782,na,0.010437,29319,57766,750,true
set_cover_n100_m72_d0.15_b_w29_seed4.txt,Set Cover,100,Exact,2147483646,false,min,6.000000,1959.591053,na,342.557215,520612808,955196147,57885582,true
set_cover_n100_m75_d0.2_b_w26_seed1.txt,Set Cover,100,Exact,2147483646,true,min,5.000000,42.009435,45.121915,4.461529,5378590,10657565,405631,true
set_cover_n100_m75_d0.2_b_w26_seed1.txt,Set Cover,100,Exact,2147483646,false,min,5.000000,51.562629,na,8.504589,12898666,24296656,1035854,true
set_cover_n100_m75_d0.2_b_w26_seed2.txt,Set Cover,100,Exact,2147483646,true,min,5.000000,85.848048,107.657574,8.874218,8250805,16341167,574132,true
set_cover_n100_m75_d0.2_b_w26_seed2.txt,Set Cover,100,Exact,2147483646,false,min,5.000000,74.505966,na,11.314286,19628472,36838734,1713426,true
set_cover_n100_m75_d0.2_b_w26_seed3.txt,Set Cover,100,Exact,2147483646,true,min,5.000000,35.209727,42.513277,3.460468,4017948,7962727,268817,true
set_cover_n100_m75_d0.2_b_w26_seed3.txt,Set Cover,100,Exact,2147483646,false,min,5.000000,35.756210,na,5.529743,10588423,19958533,700469,true
set_cover_n100_m75_d0.2_b_w26_seed4.txt,Set Cover,100,Exact,2147483646,false,min,5.000000,73.407916,na,11.531365,21428844,40269040,1967106,true
set_cover_n100_m75_d0.3_b_w26_seed1.txt,Set Cover,100,Exact,2147483646,true,min,3.000000,0.040267,0.016734,0.009254,28301,55625,675,true
set_cover_n100_m75_d0.3_b_w26_seed1.txt,Set Cover,100,Exact,2147483646,false,min,3.000000,0.041904,na,0.009279,28301,55625,675,true
set_cover_n100_m75_d0.3_b_w26_seed2.txt,Set Cover,100,Exact,2147483646,true,min,3.000000,0.040981,0.016011,0.009337,28301,55625,675,true
set_cover_n100_m75_d0.3_b_w26_seed2.txt,Set Cover,100,Exact,2147483646,false,min,3.000000,0.040073,na,0.009233,28301,55625,675,true
set_cover_n100_m75_d0.3_b_w26_seed3.txt,Set Cover,100,Exact,2147483646,true,min,3.000000,0.040096,0.016252,0.009305,28301,55625,675,true
set_cover_n100_m75_d0.3_b_w26_seed3.txt,Set Cover,100,Exact,2147483646,false,min,3.000000,0.040197,na,0.009554,28301,55625,675,true
set_cover_n100_m75_d0.3_b_w26_seed4.txt,Set Cover,100,Exact,2147483646,true,min,3.000000,0.040395,0.016311,0.009109,28301,55625,675,true
set_cover_n100_m75_d0.3_b_w26_seed4.txt,Set Cover,100,Exact,2147483646,false,min,3.000000,0.040325,na,0.008678,28301,55625,675,true
set_cover_n100_m75_d0.4_b_w26_seed1.txt,Set Cover,100,Exact,2147483646,true,min,3.000000,0.042576,0.015879,0.009346,28301,55625,675,true
set_cover_n100_m75_d0.4_b_w26_seed1.txt,Set Cover,100,Exact,2147483646,false,min,3.000000,0.042127,na,0.008160,28301,55625,675,true
set_cover_n100_m75_d0.4_b_w26_seed2.txt,Set Cover,100,Exact,2147483646,true,min,3.000000,0.040098,0.015641,0.008407,28301,55625,675,true
set_cover_n100_m75_d0.4_b_w26_seed2.txt,Set Cover,100,Exact,2147483646,false,min,3.000000,0.040211,na,0.008383,28301,55625,675,true
set_cover_n100_m75_d0.4_b_w26_seed3.txt,Set Cover,100,Exact,2147483646,true,min,3.000000,0.040334,0.015515,0.008381,28301,55625,675,true
set_cover_n100_m75_d0.4_b_w26_seed3.txt,Set Cover,100,Exact,2147483646,false,min,3.000000,0.042142,na,0.008254,28301,55625,675,true
set_cover_n100_m75_d0.4_b_w26_seed4.txt,Set Cover,100,Exact,2147483646,true,min,3.000000,0.039847,0.015432,0.007992,28301,55625,675,true
set_cover_n100_m75_d0.4_b_w26_seed4.txt,Set Cover,100,Exact,2147483646,false,min,3.000000,0.042033,na,0.008976,28301,55625,675,true
set_cover_n100_m75_d0.2_b_w26_seed4.txt,Set Cover,100,Exact,2147483646,true,min,5.000000,74.869870,107.962200,4.922364,5671562,11205145,431961,true
set_cover_n100_m75_d0.5_b_w26_seed1.txt,Set Cover,100,Exact,2147483646,true,min,3.000000,0.042603,0.017206,0.009586,28301,55625,675,true
set_cover_n100_m75_d0.5_b_w26_seed1.txt,Set Cover,100,Exact,2147483646,false,min,3.000000,0.040863,na,0.009184,28301,55625,675,true
set_cover_n100_m75_d0.5_b_w26_seed2.txt,Set Cover,100,Exact,2147483646,true,min,3.000000,0.040518,0.016575,0.009082,28301,55625,675,true
set_cover_n100_m75_d0.5_b_w26_seed2.txt,Set Cover,100,Exact,2147483646,false,min,3.000000,0.042769,na,0.009975,28301,55625,675,true
set_cover_n100_m75_d0.5_b_w26_seed3.txt,Set Cover,100,Exact,2147483646,true,min,3.000000,0.040848,0.016964,0.009033,28301,55625,675,true
set_cover_n100_m75_d0.5_b_w26_seed3.txt,Set Cover,100,Exact,2147483646,false,min,3.000000,0.040584,na,0.008407,28301,55625,675,true
set_cover_n100_m75_d0.5_b_w26_seed4.txt,Set Cover,100,Exact,2147483646,true,min,3.000000,0.043082,0.016944,0.009500,28301,55625,675,true
set_cover_n100_m75_d0.5_b_w26_seed4.txt,Set Cover,100,Exact,2147483646,false,min,3.000000,0.040691,na,0.009137,28301,55625,675,true
set_cover_n100_m75_d0.15_b_w26_seed1.txt,Set Cover,100,Exact,2147483646,false,min,7.000000,2361.330304,na,354.992071,500642877,919907381,51060333,true
set_cover_n100_m75_d0.15_b_w26_seed2.txt,Set Cover,100,Exact,2147483646,false,min,7.000000,2403.572370,na,366.537624,512743490,938410263,43732367,true
set_cover_n100_m75_d0.25_b_w26_seed1.txt,Set Cover,100,Exact,2147483646,true,min,4.000000,0.876053,0.750090,0.071409,117456,232158,5330,true
set_cover_n100_m75_d0.25_b_w26_seed1.txt,Set Cover,100,Exact,2147483646,false,min,4.000000,0.858292,na,0.165584,376733,717875,27816,true
set_cover_n100_m75_d0.25_b_w26_seed2.txt,Set Cover,100,Exact,2147483646,true,min,4.000000,0.627929,0.558989,0.061659,103711,203927,5404,true
set_cover_n100_m75_d0.25_b_w26_seed2.txt,Set Cover,100,Exact,2147483646,false,min,4.000000,0.673046,na,0.131884,302508,573950,23203,true
set_cover_n100_m75_d0.25_b_w26_seed3.txt,Set Cover,100,Exact,2147483646,true,min,3.000000,0.888933,0.748363,0.087627,143087,283604,6799,true
set_cover_n100_m75_d0.25_b_w26_seed3.txt,Set Cover,100,Exact,2147483646,false,min,3.000000,0.882899,na,0.167164,385350,736034,28379,true
set_cover_n100_m75_d0.25_b_w26_seed4.txt,Set Cover,100,Exact,2147483646,true,min,3.000000,0.714411,0.583211,0.081312,138884,274901,6874,true
set_cover_n100_m75_d0.25_b_w26_seed4.txt,Set Cover,100,Exact,2147483646,false,min,3.000000,0.719505,na,0.133277,326065,623652,24997,true
set_cover_n100_m75_d0.35_b_w26_seed1.txt,Set Cover,100,Exact,2147483646,true,min,3.000000,0.042027,0.016293,0.008758,28301,55625,675,true
set_cover_n100_m75_d0.35_b_w26_seed1.txt,Set Cover,100,Exact,2147483646,false,min,3.000000,0.040117,na,0.009351,28301,55625,675,true
set_cover_n100_m75_d0.35_b_w26_seed2.txt,Set Cover,100,Exact,2147483646,true,min,3.000000,0.041860,0.016072,0.008874,28301,55625,675,true
set_cover_n100_m75_d0.35_b_w26_seed2.txt,Set Cover,100,Exact,2147483646,false,min,3.000000,0.042155,na,0.009497,28301,55625,675,true
set_cover_n100_m75_d0.35_b_w26_seed3.txt,Set Cover,100,Exact,2147483646,true,min,3.000000,0.040082,0.016504,0.008768,28301,55625,675,true
set_cover_n100_m75_d0.35_b_w26_seed3.txt,Set Cover,100,Exact,2147483646,false,min,3.000000,0.042193,na,0.008877,28301,55625,675,true
set_cover_n100_m75_d0.35_b_w26_seed4.txt,Set Cover,100,Exact,2147483646,true,min,3.000000,0.039921,0.015880,0.008476,28301,55625,675,true
set_cover_n100_m75_d0.35_b_w26_seed4.txt,Set Cover,100,Exact,2147483646,false,min,3.000000,0.040118,na,0.008903,28301,55625,675,true
set_cover_n100_m75_d0.45_b_w26_seed1.txt,Set Cover,100,Exact,2147483646,true,min,3.000000,0.040445,0.014328,0.008332,28301,55625,675,true
set_cover_n100_m75_d0.45_b_w26_seed1.txt,Set Cover,100,Exact,2147483646,false,min,3.000000,0.039576,na,0.008199,28301,55625,675,true
set_cover_n100_m75_d0.45_b_w26_seed2.txt,Set Cover,100,Exact,2147483646,true,min,3.000000,0.042004,0.016116,0.009378,28301,55625,675,true
set_cover_n100_m75_d0.45_b_w26_seed2.txt,Set Cover,100,Exact,2147483646,false,min,3.000000,0.042222,na,0.008764,28301,55625,675,true
set_cover_n100_m75_d0.45_b_w26_seed3.txt,Set Cover,100,Exact,2147483646,true,min,3.000000,0.043581,0.016661,0.008910,28301,55625,675,true
set_cover_n100_m75_d0.45_b_w26_seed3.txt,Set Cover,100,Exact,2147483646,false,min,3.000000,0.040165,na,0.009711,28301,55625,675,true
set_cover_n100_m75_d0.45_b_w26_seed4.txt,Set Cover,100,Exact,2147483646,true,min,3.000000,0.040663,0.016764,0.009266,28301,55625,675,true
set_cover_n100_m75_d0.45_b_w26_seed4.txt,Set Cover,100,Exact,2147483646,false,min,3.000000,0.042492,na,0.009617,28301,55625,675,true
set_cover_n100_m75_d0.15_b_w26_seed3.txt,Set Cover,100,Exact,2147483646,false,min,7.000000,2565.118772,na,330.793599,517729909,959076583,52842020,true
set_cover_n100_m75_d0.15_b_w26_seed4.txt,Set Cover,100,Exact,2147483646,false,min,8.000000,2116.147650,na,355.956626,509595806,935954000,44184417,true
set_cover_n100_m78_d0.2_b_w23_seed1.txt,Set Cover,100,Exact,2147483646,true,min,5.000000,17.042011,16.750903,1.564799,1833522,3623834,141006,true
set_cover_n100_m78_d0.2_b_w23_seed1.txt,Set Cover,100,Exact,2147483646,false,min,5.000000,16.821487,na,2.697584,5141187,9577227,581717,true
set_cover_n100_m78_d0.2_b_w23_seed2.txt,Set Cover,100,Exact,2147483646,true,min,5.000000,22.807516,23.000905,2.128902,2726178,5420287,139476,true
set_cover_n100_m78_d0.2_b_w23_seed2.txt,Set Cover,100,Exact,2147483646,false,min,5.000000,23.068261,na,3.937154,6920634,13138414,565172,true
set_cover_n100_m78_d0.2_b_w23_seed3.txt,Set Cover,100,Exact,2147483646,true,min,5.000000,15.730926,16.085689,1.095174,1146101,2273819,83819,true
set_cover_n100_m78_d0.2_b_w23_seed3.txt,Set Cover,100,Exact,2147483646,false,min,5.000000,15.553667,na,2.663947,4021174,7586670,263575,true
set_cover_n100_m78_d0.2_b_w23_seed4.txt,Set Cover,100,Exact,2147483646,true,min,5.000000,24.912651,27.387774,2.425525,2312275,4599524,149331,true
set_cover_n100_m78_d0.2_b_w23_seed4.txt,Set Cover,100,Exact,2147483646,false,min,5.000000,25.056456,na,4.036350,6104134,11539777,424921,true
set_cover_n100_m78_d0.3_b_w23_seed1.txt,Set Cover,100,Exact,2147483646,true,min,4.000000,0.040696,0.016342,0.009771,25852,50667,529,true
set_cover_n100_m78_d0.3_b_w23_seed1.txt,Set Cover,100,Exact,2147483646,false,min,4.000000,0.043020,na,0.008918,25852,50667,529,true
set_cover_n100_m78_d0.3_b_w23_seed2.txt,Set Cover,100,Exact,2147483646,true,min,4.000000,0.040442,0.016163,0.008841,25852,50667,529,true
set_cover_n100_m78_d0.3_b_w23_seed2.txt,Set Cover,100,Exact,2147483646,false,min,4.000000,0.038916,na,0.009074,25852,50667,529,true
set_cover_n100_m78_d0.3_b_w23_seed3.txt,Set Cover,100,Exact,2147483646,true,min,4.000000,0.039361,0.017102,0.009964,25852,50667,529,true
set_cover_n100_m78_d0.3_b_w23_seed3.txt,Set Cover,100,Exact,2147483646,false,min,4.000000,0.039381,na,0.008917,25852,50667,529,true
set_cover_n100_m78_d0.3_b_w23_seed4.txt,Set Cover,100,Exact,2147483646,true,min,4.000000,0.041350,0.017240,0.009332,25852,50667,529,true
set_cover_n100_m78_d0.3_b_w23_seed4.txt,Set Cover,100,Exact,2147483646,false,min,4.000000,0.041730,na,0.009529,25852,50667,529,true
set_cover_n100_m78_d0.4_b_w23_seed1.txt,Set Cover,100,Exact,2147483646,true,min,4.000000,0.039933,0.016446,0.009309,25852,50667,529,true
set_cover_n100_m78_d0.4_b_w23_seed1.txt,Set Cover,100,Exact,2147483646,false,min,4.000000,0.042017,na,0.009430,25852,50667,529,true
set_cover_n100_m78_d0.4_b_w23_seed2.txt,Set Cover,100,Exact,2147483646,true,min,4.000000,0.041961,0.017007,0.009425,25852,50667,529,true
set_cover_n100_m78_d0.4_b_w23_seed2.txt,Set Cover,100,Exact,2147483646,false,min,4.000000,0.039430,na,0.009349,25852,50667,529,true
set_cover_n100_m78_d0.4_b_w23_seed3.txt,Set Cover,100,Exact,2147483646,true,min,4.000000,0.041776,0.017062,0.009424,25852,50667,529,true
set_cover_n100_m78_d0.4_b_w23_seed3.txt,Set Cover,100,Exact,2147483646,false,min,4.000000,0.041178,na,0.009579,25852,50667,529,true
set_cover_n100_m78_d0.4_b_w23_seed4.txt,Set Cover,100,Exact,2147483646,true,min,4.000000,0.041178,0.016729,0.009247,25852,50667,529,true
set_cover_n100_m78_d0.4_b_w23_seed4.txt,Set Cover,100,Exact,2147483646,false,min,4.000000,0.039322,na,0.009079,25852,50667,529,true
set_cover_n100_m78_d0.5_b_w23_seed1.txt,Set Cover,100,Exact,2147483646,true,min,4.000000,0.038438,0.014567,0.007939,25852,50667,529,true
set_cover_n100_m78_d0.5_b_w23_seed1.txt,Set Cover,100,Exact,2147483646,false,min,4.000000,0.038497,na,0.007745,25852,50667,529,true
set_cover_n100_m78_d0.5_b_w23_seed2.txt,Set Cover,100,Exact,2147483646,true,min,4.000000,0.037584,0.014481,0.008175,25852,50667,529,true
set_cover_n100_m78_d0.5_b_w23_seed2.txt,Set Cover,100,Exact,2147483646,false,min,4.000000,0.037356,na,0.008354,25852,50667,529,true
set_cover_n100_m78_d0.5_b_w23_seed3.txt,Set Cover,100,Exact,2147483646,true,min,4.000000,0.037558,0.014723,0.008365,25852,50667,529,true
set_cover_n100_m78_d0.5_b_w23_seed3.txt,Set Cover,100,Exact,2147483646,false,min,4.000000,0.039654,na,0.008698,25852,50667,529,true
set_cover_n100_m78_d0.5_b_w23_seed4.txt,Set Cover,100,Exact,2147483646,true,min,4.000000,0.037564,0.015034,0.009459,25852,50667,529,true
set_cover_n100_m78_d0.5_b_w23_seed4.txt,Set Cover,100,Exact,2147483646,false,min,4.000000,0.037220,na,0.008496,25852,50667,529,true
set_cover_n100_m78_d0.15_b_w23_seed1.txt,Set Cover,100,Exact,2147483646,false,min,7.000000,1439.097657,na,221.325976,291146443,538252209,23488715,true
set_cover_n100_m78_d0.15_b_w23_seed2.txt,Set Cover,100,Exact,2147483646,false,min,7.000000,1159.506669,na,185.144678,306141954,563668596,23826372,true
set_cover_n100_m78_d0.15_b_w23_seed3.txt,Set Cover,100,Exact,2147483646,false,min,7.000000,869.601405,na,146.422428,236912428,436830636,22236002,true
set_cover_n100_m78_d0.25_b_w23_seed1.txt,Set Cover,100,Exact,2147483646,true,min,4.000000,0.038679,0.014618,0.008136,25852,50667,529,true
set_cover_n100_m78_d0.25_b_w23_seed1.txt,Set Cover,100,Exact,2147483646,false,min,4.000000,0.036526,na,0.007855,25852,50667,529,true
set_cover_n100_m78_d0.25_b_w23_seed2.txt,Set Cover,100,Exact,2147483646,true,min,4.000000,0.038763,0.013994,0.007885,25852,50667,529,true
set_cover_n100_m78_d0.25_b_w23_seed2.txt,Set Cover,100,Exact,2147483646,false,min,4.000000,0.036235,na,0.007872,25852,50667,529,true
set_cover_n100_m78_d0.25_b_w23_seed3.txt,Set Cover,100,Exact,2147483646,true,min,4.000000,0.036607,0.013520,0.007911,25852,50667,529,true
set_cover_n100_m78_d0.25_b_w23_seed3.txt,Set Cover,100,Exact,2147483646,false,min,4.000000,0.036618,na,0.007913,25852,50667,529,true
set_cover_n100_m78_d0.25_b_w23_seed4.txt,Set Cover,100,Exact,2147483646,true,min,4.000000,0.036555,0.014079,0.008279,25852,50667,529,true
set_cover_n100_m78_d0.25_b_w23_seed4.txt,Set Cover,100,Exact,2147483646,false,min,4.000000,0.036242,na,0.007769,25852,50667,529,true
set_cover_n100_m78_d0.35_b_w23_seed1.txt,Set Cover,100,Exact,2147483646,true,min,4.000000,0.039048,0.014207,0.008187,25852,50667,529,true
set_cover_n100_m78_d0.35_b_w23_seed1.txt,Set Cover,100,Exact,2147483646,false,min,4.000000,0.036895,na,0.008934,25852,50667,529,true
set_cover_n100_m78_d0.35_b_w23_seed2.txt,Set Cover,100,Exact,2147483646,true,min,4.000000,0.036765,0.014143,0.008029,25852,50667,529,true
set_cover_n100_m78_d0.35_b_w23_seed2.txt,Set Cover,100,Exact,2147483646,false,min,4.000000,0.038797,na,0.007945,25852,50667,529,true
set_cover_n100_m78_d0.35_b_w23_seed3.txt,Set Cover,100,Exact,2147483646,true,min,4.000000,0.038643,0.014582,0.009104,25852,50667,529,true
set_cover_n100_m78_d0.35_b_w23_seed3.txt,Set Cover,100,Exact,2147483646,false,min,4.000000,0.036706,na,0.008053,25852,50667,529,true
set_cover_n100_m78_d0.35_b_w23_seed4.txt,Set Cover,100,Exact,2147483646,true,min,4.000000,0.036479,0.014845,0.009158,25852,50667,529,true
set_cover_n100_m78_d0.35_b_w23_seed4.txt,Set Cover,100,Exact,2147483646,false,min,4.000000,0.037299,na,0.008549,25852,50667,529,true
set_cover_n100_m78_d0.45_b_w23_seed1.txt,Set Cover,100,Exact,2147483646,true,min,4.000000,0.039113,0.014025,0.007929,25852,50667,529,true
set_cover_n100_m78_d0.45_b_w23_seed1.txt,Set Cover,100,Exact,2147483646,false,min,4.000000,0.036369,na,0.008112,25852,50667,529,true
set_cover_n100_m78_d0.45_b_w23_seed2.txt,Set Cover,100,Exact,2147483646,true,min,4.000000,0.037226,0.014173,0.008669,25852,50667,529,true
set_cover_n100_m78_d0.45_b_w23_seed2.txt,Set Cover,100,Exact,2147483646,false,min,4.000000,0.037126,na,0.008245,25852,50667,529,true
set_cover_n100_m78_d0.45_b_w23_seed3.txt,Set Cover,100,Exact,2147483646,true,min,4.000000,0.038398,0.013984,0.008218,25852,50667,529,true
set_cover_n100_m78_d0.45_b_w23_seed3.txt,Set Cover,100,Exact,2147483646,false,min,4.000000,0.036792,na,0.008082,25852,50667,529,true
set_cover_n100_m78_d0.45_b_w23_seed4.txt,Set Cover,100,Exact,2147483646,true,min,4.000000,0.038817,0.014065,0.008775,25852,50667,529,true
set_cover_n100_m78_d0.45_b_w23_seed4.txt,Set Cover,100,Exact,2147483646,false,min,4.000000,0.038536,na,0.008309,25852,50667,529,true
set_cover_n100_m78_d0.15_b_w23_seed3.txt,Set Cover,100,Exact,2147483646,true,min,7.000000,862.203327,1462.134294,79.273404,83612777,164969130,10878291,true
set_cover_n100_m78_d0.15_b_w23_seed4.txt,Set Cover,100,Exact,2147483646,false,min,7.000000,1259.155281,na,187.696276,296193100,540602315,34065536,true
set_cover_n100_m81_d0.2_b_w20_seed1.txt,Set Cover,100,Exact,2147483646,true,min,5.000000,0.033689,0.012616,0.007180,22350,43648,400,true
set_cover_n100_m81_d0.2_b_w20_seed1.txt,Set Cover,100,Exact,2147483646,false,min,5.000000,0.034137,na,0.007592,22350,43648,400,true
set_cover_n100_m81_d0.2_b_w20_seed2.txt,Set Cover,100,Exact,2147483646,true,min,5.000000,0.034042,0.012979,0.007808,22350,43648,400,true
set_cover_n100_m81_d0.2_b_w20_seed2.txt,Set Cover,100,Exact,2147483646,false,min,5.000000,0.033753,na,0.007219,22350,43648,400,true
set_cover_n100_m81_d0.2_b_w20_seed3.txt,Set Cover,100,Exact,2147483646,true,min,5.000000,0.032535,0.012502,0.007069,22350,43648,400,true
set_cover_n100_m81_d0.2_b_w20_seed3.txt,Set Cover,100,Exact,2147483646,false,min,5.000000,0.033413,na,0.007314,22350,43648,400,true
set_cover_n100_m81_d0.2_b_w20_seed4.txt,Set Cover,100,Exact,2147483646,true,min,5.000000,0.034124,0.012658,0.007516,22350,43648,400,true
set_cover_n100_m81_d0.2_b_w20_seed4.txt,Set Cover,100,Exact,2147483646,false,min,5.000000,0.032031,na,0.007499,22350,43648,400,true
set_cover_n100_m81_d0.3_b_w20_seed1.txt,Set Cover,100,Exact,2147483646,true,min,5.000000,0.032158,0.012453,0.008082,22350,43648,400,true
set_cover_n100_m81_d0.3_b_w20_seed1.txt,Set Cover,100,Exact,2147483646,false,min,5.000000,0.032158,na,0.007315,22350,43648,400,true
set_cover_n100_m81_d0.3_b_w20_seed2.txt,Set Cover,100,Exact,2147483646,true,min,5.000000,0.033725,0.012400,0.010378,22350,43648,400,true
set_cover_n100_m81_d0.3_b_w20_seed2.txt,Set Cover,100,Exact,2147483646,false,min,5.000000,0.032445,na,0.007393,22350,43648,400,true
set_cover_n100_m81_d0.3_b_w20_seed3.txt,Set Cover,100,Exact,2147483646,true,min,5.000000,0.032258,0.012512,0.007247,22350,43648,400,true
set_cover_n100_m81_d0.3_b_w20_seed3.txt,Set Cover,100,Exact,2147483646,false,min,5.000000,0.033704,na,0.007909,22350,43648,400,true
set_cover_n100_m81_d0.3_b_w20_seed4.txt,Set Cover,100,Exact,2147483646,true,min,5.000000,0.032340,0.012729,0.007791,22350,43648,400,true
set_cover_n100_m81_d0.3_b_w20_seed4.txt,Set Cover,100,Exact,2147483646,false,min,5.000000,0.034045,na,0.007915,22350,43648,400,true
set_cover_n100_m81_d0.4_b_w20_seed1.txt,Set Cover,100,Exact,2147483646,true,min,5.000000,0.034002,0.012501,0.008443,22350,43648,400,true
set_cover_n100_m81_d0.4_b_w20_seed1.txt,Set Cover,100,Exact,2147483646,false,min,5.000000,0.033872,na,0.007430,22350,43648,400,true
set_cover_n100_m81_d0.4_b_w20_seed2.txt,Set Cover,100,Exact,2147483646,true,min,5.000000,0.032186,0.012332,0.006984,22350,43648,400,true
set_cover_n100_m81_d0.4_b_w20_seed2.txt,Set Cover,100,Exact,2147483646,false,min,5.000000,0.032248,na,0.007195,22350,43648,400,true
set_cover_n100_m81_d0.4_b_w20_seed3.txt,Set Cover,100,Exact,2147483646,true,min,5.000000,0.032929,0.012125,0.007042,22350,43648,400,true
set_cover_n100_m81_d0.4_b_w20_seed3.txt,Set Cover,100,Exact,2147483646,false,min,5.000000,0.032978,na,0.007254,22350,43648,400,true
set_cover_n100_m81_d0.4_b_w20_seed4.txt,Set Cover,100,Exact,2147483646,true,min,5.000000,0.033246,0.012992,0.007236,22350,43648,400,true
set_cover_n100_m81_d0.4_b_w20_seed4.txt,Set Cover,100,Exact,2147483646,false,min,5.000000,0.033023,na,0.007786,22350,43648,400,true
set_cover_n100_m81_d0.5_b_w20_seed1.txt,Set Cover,100,Exact,2147483646,true,min,5.000000,0.032111,0.012192,0.006954,22350,43648,400,true
set_cover_n100_m81_d0.5_b_w20_seed1.txt,Set Cover,100,Exact,2147483646,false,min,5.000000,0.033779,na,0.007154,22350,43648,400,true
set_cover_n100_m81_d0.5_b_w20_seed2.txt,Set Cover,100,Exact,2147483646,true,min,5.000000,0.031820,0.012153,0.006934,22350,43648,400,true
set_cover_n100_m81_d0.5_b_w20_seed2.txt,Set Cover,100,Exact,2147483646,false,min,5.000000,0.031883,na,0.007183,22350,43648,400,true
set_cover_n100_m81_d0.5_b_w20_seed3.txt,Set Cover,100,Exact,2147483646,true,min,5.000000,0.035858,0.012333,0.007384,22350,43648,400,true
set_cover_n100_m81_d0.5_b_w20_seed3.txt,Set Cover,100,Exact,2147483646,false,min,5.000000,0.031804,na,0.007708,22350,43648,400,true
set_cover_n100_m81_d0.5_b_w20_seed4.txt,Set Cover,100,Exact,2147483646,true,min,5.000000,0.034199,0.012577,0.008174,22350,43648,400,true
set_cover_n100_m81_d0.5_b_w20_seed4.txt,Set Cover,100,Exact,2147483646,false,min,5.000000,0.032336,na,0.007551,22350,43648,400,true
set_cover_n100_m81_d0.15_b_w20_seed1.txt,Set Cover,100,Exact,2147483646,false,min,7.000000,931.661910,na,149.625616,227833883,425677576,17021349,true
set_cover_n100_m81_d0.15_b_w20_seed2.txt,Set Cover,100,Exact,2147483646,false,min,7.000000,670.140147,na,112.688207,150871313,279681275,11420838,true
set_cover_n100_m81_d0.15_b_w20_seed1.txt,Set Cover,100,Exact,2147483646,true,min,7.000000,962.369984,1268.830127,81.975265,84813159,167938055,6667786,true
set_cover_n100_m81_d0.15_b_w20_seed3.txt,Set Cover,100,Exact,2147483646,false,min,8.000000,930.472065,na,154.988763,251870719,464681764,27134360,true
set_cover_n100_m81_d0.25_b_w20_seed1.txt,Set Cover,100,Exact,2147483646,true,min,5.000000,0.032787,0.011717,0.006404,22350,43648,400,true
set_cover_n100_m81_d0.25_b_w20_seed1.txt,Set Cover,100,Exact,2147483646,false,min,5.000000,0.031037,na,0.006255,22350,43648,400,true
set_cover_n100_m81_d0.25_b_w20_seed2.txt,Set Cover,100,Exact,2147483646,true,min,5.000000,0.030704,0.011683,0.007578,22350,43648,400,true
set_cover_n100_m81_d0.25_b_w20_seed2.txt,Set Cover,100,Exact,2147483646,false,min,5.000000,0.030684,na,0.006629,22350,43648,400,true
set_cover_n100_m81_d0.25_b_w20_seed3.txt,Set Cover,100,Exact,2147483646,true,min,5.000000,0.030884,0.011528,0.006554,22350,43648,400,true
set_cover_n100_m81_d0.15_b_w20_seed4.txt,Set Cover,100,Exact,2147483646,false,min,7.000000,887.554438,na,145.592056,246737304,460353195,23641605,true
set_cover_n100_m81_d0.25_b_w20_seed3.txt,Set Cover,100,Exact,2147483646,false,min,5.000000,0.032683,na,0.006827,22350,43648,400,true
set_cover_n100_m81_d0.25_b_w20_seed4.txt,Set Cover,100,Exact,2147483646,true,min,5.000000,0.032826,0.011783,0.006999,22350,43648,400,true
set_cover_n100_m81_d0.25_b_w20_seed4.txt,Set Cover,100,Exact,2147483646,false,min,5.000000,0.033230,na,0.007327,22350,43648,400,true
set_cover_n100_m81_d0.35_b_w20_seed1.txt,Set Cover,100,Exact,2147483646,true,min,5.000000,0.031092,0.011957,0.007046,22350,43648,400,true
set_cover_n100_m81_d0.35_b_w20_seed1.txt,Set Cover,100,Exact,2147483646,false,min,5.000000,0.031341,na,0.007094,22350,43648,400,true
set_cover_n100_m81_d0.35_b_w20_seed2.txt,Set Cover,100,Exact,2147483646,true,min,5.000000,0.033218,0.012168,0.007342,22350,43648,400,true
set_cover_n100_m81_d0.35_b_w20_seed2.txt,Set Cover,100,Exact,2147483646,false,min,5.000000,0.031527,na,0.007132,22350,43648,400,true
set_cover_n100_m81_d0.35_b_w20_seed3.txt,Set Cover,100,Exact,2147483646,true,min,5.000000,0.031182,0.012214,0.007201,22350,43648,400,true
set_cover_n100_m81_d0.35_b_w20_seed3.txt,Set Cover,100,Exact,2147483646,false,min,5.000000,0.032816,na,0.006885,22350,43648,400,true
set_cover_n100_m81_d0.35_b_w20_seed4.txt,Set Cover,100,Exact,2147483646,true,min,5.000000,0.032922,0.011811,0.007165,22350,43648,400,true
set_cover_n100_m81_d0.35_b_w20_seed4.txt,Set Cover,100,Exact,2147483646,false,min,5.000000,0.032956,na,0.007041,22350,43648,400,true
set_cover_n100_m81_d0.45_b_w20_seed1.txt,Set Cover,100,Exact,2147483646,true,min,5.000000,0.033076,0.012000,0.008064,22350,43648,400,true
set_cover_n100_m81_d0.45_b_w20_seed1.txt,Set Cover,100,Exact,2147483646,false,min,5.000000,0.033409,na,0.007342,22350,43648,400,true
set_cover_n100_m81_d0.45_b_w20_seed2.txt,Set Cover,100,Exact,2147483646,true,min,5.000000,0.031163,0.011392,0.006933,22350,43648,400,true
set_cover_n100_m81_d0.45_b_w20_seed2.txt,Set Cover,100,Exact,2147483646,false,min,5.000000,0.032883,na,0.006834,22350,43648,400,true
set_cover_n100_m81_d0.45_b_w20_seed3.txt,Set Cover,100,Exact,2147483646,true,min,5.000000,0.033062,0.010437,0.006424,22350,43648,400,true
set_cover_n100_m81_d0.45_b_w20_seed3.txt,Set Cover,100,Exact,2147483646,false,min,5.000000,0.032807,na,0.006862,22350,43648,400,true
set_cover_n100_m81_d0.45_b_w20_seed4.txt,Set Cover,100,Exact,2147483646,true,min,5.000000,0.031876,0.011438,0.006734,22350,43648,400,true
set_cover_n100_m81_d0.45_b_w20_seed4.txt,Set Cover,100,Exact,2147483646,false,min,5.000000,0.033058,na,0.006802,22350,43648,400,true
set_cover_n100_m81_d0.15_b_w20_seed4.txt,Set Cover,100,Exact,2147483646,true,min,7.000000,895.522730,1215.226084,83.989490,91275660,180533541,6137486,true
set_cover_n100_m81_d0.15_b_w20_seed3.txt,Set Cover,100,Exact,2147483646,true,min,8.000000,943.030968,2024.716179,42.552388,42870901,84185267,2825148,true
set_cover_n100_m84_d0.2_b_w17_seed1.txt,Set Cover,100,Exact,2147483646,true,min,5.000000,0.025641,0.008887,0.005581,18173,35324,289,true
set_cover_n100_m84_d0.2_b_w17_seed1.txt,Set Cover,100,Exact,2147483646,false,min,5.000000,0.026804,na,0.005460,18173,35324,289,true
set_cover_n100_m84_d0.2_b_w17_seed2.txt,Set Cover,100,Exact,2147483646,true,min,5.000000,0.025855,0.008642,0.005518,18173,35324,289,true
set_cover_n100_m84_d0.2_b_w17_seed2.txt,Set Cover,100,Exact,2147483646,false,min,5.000000,0.025707,na,0.005159,18173,35324,289,true
set_cover_n100_m84_d0.2_b_w17_seed3.txt,Set Cover,100,Exact,2147483646,true,min,5.000000,0.026727,0.009654,0.006400,18173,35324,289,true
set_cover_n100_m84_d0.2_b_w17_seed3.txt,Set Cover,100,Exact,2147483646,false,min,5.000000,0.025565,na,0.005987,18173,35324,289,true
set_cover_n100_m84_d0.2_b_w17_seed4.txt,Set Cover,100,Exact,2147483646,true,min,5.000000,0.025499,0.008644,0.005388,18173,35324,289,true
set_cover_n100_m84_d0.2_b_w17_seed4.txt,Set Cover,100,Exact,2147483646,false,min,5.000000,0.025272,na,0.005088,18173,35324,289,true
set_cover_n100_m84_d0.3_b_w17_seed1.txt,Set Cover,100,Exact,2147483646,true,min,5.000000,0.025935,0.008749,0.005603,18173,35324,289,true
set_cover_n100_m84_d0.3_b_w17_seed1.txt,Set Cover,100,Exact,2147483646,false,min,5.000000,0.026178,na,0.005726,18173,35324,289,true
set_cover_n100_m84_d0.3_b_w17_seed2.txt,Set Cover,100,Exact,2147483646,true,min,5.000000,0.026121,0.008873,0.005897,18173,35324,289,true
set_cover_n100_m84_d0.3_b_w17_seed2.txt,Set Cover,100,Exact,2147483646,false,min,5.000000,0.025858,na,0.005483,18173,35324,289,true
set_cover_n100_m84_d0.3_b_w17_seed3.txt,Set Cover,100,Exact,2147483646,true,min,5.000000,0.026945,0.009345,0.005539,18173,35324,289,true
set_cover_n100_m84_d0.3_b_w17_seed3.txt,Set Cover,100,Exact,2147483646,false,min,5.000000,0.028333,na,0.005392,18173,35324,289,true
set_cover_n100_m84_d0.3_b_w17_seed4.txt,Set Cover,100,Exact,2147483646,true,min,5.000000,0.026169,0.007451,0.005291,18173,35324,289,true
set_cover_n100_m84_d0.3_b_w17_seed4.txt,Set Cover,100,Exact,2147483646,false,min,5.000000,0.026076,na,0.005822,18173,35324,289,true
set_cover_n100_m84_d0.4_b_w17_seed1.txt,Set Cover,100,Exact,2147483646,true,min,5.000000,0.029580,0.009757,0.006966,18173,35324,289,true
set_cover_n100_m84_d0.4_b_w17_seed1.txt,Set Cover,100,Exact,2147483646,false,min,5.000000,0.027431,na,0.005370,18173,35324,289,true
set_cover_n100_m84_d0.4_b_w17_seed2.txt,Set Cover,100,Exact,2147483646,true,min,5.000000,0.025369,0.009825,0.006231,18173,35324,289,true
set_cover_n100_m84_d0.4_b_w17_seed2.txt,Set Cover,100,Exact,2147483646,false,min,5.000000,0.026051,na,0.006155,18173,35324,289,true
set_cover_n100_m84_d0.4_b_w17_seed3.txt,Set Cover,100,Exact,2147483646,true,min,5.000000,0.027388,0.009128,0.006247,18173,35324,289,true
set_cover_n100_m84_d0.4_b_w17_seed3.txt,Set Cover,100,Exact,2147483646,false,min,5.000000,0.026097,na,0.005855,18173,35324,289,true
set_cover_n100_m84_d0.4_b_w17_seed4.txt,Set Cover,100,Exact,2147483646,true,min,5.000000,0.027553,0.009212,0.006302,18173,35324,289,true
set_cover_n100_m84_d0.4_b_w17_seed4.txt,Set Cover,100,Exact,2147483646,false,min,5.000000,0.025588,na,0.005302,18173,35324,289,true
set_cover_n100_m84_d0.5_b_w17_seed1.txt,Set Cover,100,Exact,2147483646,true,min,5.000000,0.026309,0.009099,0.005691,18173,35324,289,true
set_cover_n100_m84_d0.5_b_w17_seed1.txt,Set Cover,100,Exact,2147483646,false,min,5.000000,0.026148,na,0.005824,18173,35324,289,true
set_cover_n100_m84_d0.5_b_w17_seed2.txt,Set Cover,100,Exact,2147483646,true,min,5.000000,0.027468,0.008971,0.007302,18173,35324,289,true
set_cover_n100_m84_d0.5_b_w17_seed2.txt,Set Cover,100,Exact,2147483646,false,min,5.000000,0.027679,na,0.005959,18173,35324,289,true
set_cover_n100_m84_d0.5_b_w17_seed3.txt,Set Cover,100,Exact,2147483646,true,min,5.000000,0.027531,0.009663,0.006494,18173,35324,289,true
set_cover_n100_m84_d0.5_b_w17_seed3.txt,Set Cover,100,Exact,2147483646,false,min,5.000000,0.025710,na,0.005822,18173,35324,289,true
set_cover_n100_m84_d0.5_b_w17_seed4.txt,Set Cover,100,Exact,2147483646,true,min,5.000000,0.027278,0.009192,0.006052,18173,35324,289,true
set_cover_n100_m84_d0.5_b_w17_seed4.txt,Set Cover,100,Exact,2147483646,false,min,5.000000,0.025933,na,0.005635,18173,35324,289,true
set_cover_n100_m84_d0.15_b_w17_seed1.txt,Set Cover,100,Exact,2147483646,false,min,6.000000,256.279023,na,43.519502,73159369,137164488,4037338,true
set_cover_n100_m84_d0.15_b_w17_seed1.txt,Set Cover,100,Exact,2147483646,true,min,6.000000,304.870126,460.975857,20.115493,19760412,39175999,1396328,true
set_cover_n100_m84_d0.15_b_w17_seed2.txt,Set Cover,100,Exact,2147483646,false,min,6.000000,492.011382,na,68.785064,112215171,209188473,11374114,true
set_cover_n100_m84_d0.15_b_w17_seed3.txt,Set Cover,100,Exact,2147483646,false,min,7.000000,248.907182,na,41.934357,68896768,128482684,5113301,true
set_cover_n100_m84_d0.15_b_w17_seed3.txt,Set Cover,100,Exact,2147483646,true,min,7.000000,246.006660,316.366588,16.741413,19139989,37766824,2007211,true
set_cover_n100_m84_d0.25_b_w17_seed1.txt,Set Cover,100,Exact,2147483646,true,min,5.000000,0.027454,0.008295,0.005764,18173,35324,289,true
set_cover_n100_m84_d0.25_b_w17_seed1.txt,Set Cover,100,Exact,2147483646,false,min,5.000000,0.027232,na,0.005486,18173,35324,289,true
set_cover_n100_m84_d0.25_b_w17_seed2.txt,Set Cover,100,Exact,2147483646,true,min,5.000000,0.025887,0.008735,0.006489,18173,35324,289,true
set_cover_n100_m84_d0.25_b_w17_seed2.txt,Set Cover,100,Exact,2147483646,false,min,5.000000,0.025876,na,0.005610,18173,35324,289,true
set_cover_n100_m84_d0.25_b_w17_seed3.txt,Set Cover,100,Exact,2147483646,true,min,5.000000,0.026899,0.008445,0.005870,18173,35324,289,true
set_cover_n100_m84_d0.25_b_w17_seed3.txt,Set Cover,100,Exact,2147483646,false,min,5.000000,0.026995,na,0.005521,18173,35324,289,true
set_cover_n100_m84_d0.25_b_w17_seed4.txt,Set Cover,100,Exact,2147483646,true,min,5.000000,0.027149,0.008155,0.004961,18173,35324,289,true
set_cover_n100_m84_d0.25_b_w17_seed4.txt,Set Cover,100,Exact,2147483646,false,min,5.000000,0.027030,na,0.006487,18173,35324,289,true
set_cover_n100_m84_d0.35_b_w17_seed1.txt,Set Cover,100,Exact,2147483646,true,min,5.000000,0.025724,0.008200,0.005397,18173,35324,289,true
set_cover_n100_m84_d0.35_b_w17_seed1.txt,Set Cover,100,Exact,2147483646,false,min,5.000000,0.025749,na,0.009436,18173,35324,289,true
set_cover_n100_m84_d0.35_b_w17_seed2.txt,Set Cover,100,Exact,2147483646,true,min,5.000000,0.025801,0.008554,0.005697,18173,35324,289,true
set_cover_n100_m84_d0.35_b_w17_seed2.txt,Set Cover,100,Exact,2147483646,false,min,5.000000,0.025714,na,0.005440,18173,35324,289,true
set_cover_n100_m84_d0.35_b_w17_seed3.txt,Set Cover,100,Exact,2147483646,true,min,5.000000,0.025861,0.008340,0.005137,18173,35324,289,true
set_cover_n100_m84_d0.35_b_w17_seed3.txt,Set Cover,100,Exact,2147483646,false,min,5.000000,0.027465,na,0.005914,18173,35324,289,true
set_cover_n100_m84_d0.35_b_w17_seed4.txt,Set Cover,100,Exact,2147483646,true,min,5.000000,0.027070,0.008247,0.006068,18173,35324,289,true
set_cover_n100_m84_d0.35_b_w17_seed4.txt,Set Cover,100,Exact,2147483646,false,min,5.000000,0.027278,na,0.005681,18173,35324,289,true
set_cover_n100_m84_d0.45_b_w17_seed1.txt,Set Cover,100,Exact,2147483646,true,min,5.000000,0.025780,0.008675,0.005700,18173,35324,289,true
set_cover_n100_m84_d0.45_b_w17_seed1.txt,Set Cover,100,Exact,2147483646,false,min,5.000000,0.025621,na,0.005319,18173,35324,289,true
set_cover_n100_m84_d0.45_b_w17_seed2.txt,Set Cover,100,Exact,2147483646,true,min,5.000000,0.025790,0.008356,0.005681,18173,35324,289,true
set_cover_n100_m84_d0.45_b_w17_seed2.txt,Set Cover,100,Exact,2147483646,false,min,5.000000,0.025905,na,0.005826,18173,35324,289,true
set_cover_n100_m84_d0.45_b_w17_seed3.txt,Set Cover,100,Exact,2147483646,true,min,5.000000,0.026566,0.007982,0.005728,18173,35324,289,true
set_cover_n100_m84_d0.45_b_w17_seed3.txt,Set Cover,100,Exact,2147483646,false,min,5.000000,0.027136,na,0.005771,18173,35324,289,true
set_cover_n100_m84_d0.45_b_w17_seed4.txt,Set Cover,100,Exact,2147483646,true,min,5.000000,0.027295,0.008197,0.005293,18173,35324,289,true
set_cover_n100_m84_d0.45_b_w17_seed4.txt,Set Cover,100,Exact,2147483646,false,min,5.000000,0.025421,na,0.005266,18173,35324,289,true
set_cover_n100_m84_d0.15_b_w17_seed2.txt,Set Cover,100,Exact,2147483646,true,min,6.000000,499.997691,793.364560,16.643759,17315534,34316614,1298189,true
set_cover_n100_m84_d0.15_b_w17_seed4.txt,Set Cover,100,Exact,2147483646,false,min,6.000000,621.337982,na,103.399970,170463096,319807057,15047423,true
set_cover_n100_m84_d0.15_b_w17_seed4.txt,Set Cover,100,Exact,2147483646,true,min,6.000000,622.311931,1795.938636,16.052456,17893450,35442781,1280449,true
