File_name,Problem type,Variables number,Best solution,Dual bound,Gap, Solution Time
f1_l-d_kp_10_269.txt,Knapsack,9,253.0,253.0,0.0,0.0263
f2_l-d_kp_20_878.txt,Knapsack,19,990.0,990.0,0.0,0.0364
f3_l-d_kp_4_20.txt,Knapsack,3,33.0,33.0,0.0,0.0249
f4_l-d_kp_4_11.txt,Knapsack,3,22.0,22.0,0.0,0.04
f6_l-d_kp_10_60.txt,Knapsack,9,52.0,52.0,0.0,0.0566
f7_l-d_kp_7_50.txt,Knapsack,6,107.0,107.0,0.0,0.0494
f8_l-d_kp_23_10000.txt,Knapsack,22,9767.0,9767.0,0.0,0.0776
f9_l-d_kp_5_80.txt,Knapsack,4,130.0,130.0,0.0,0.0573
f10_l-d_kp_20_879.txt,Knapsack,19,1010.0,1010.0,0.0,0.0387
knapPI_1_100_1000_1.txt,Knapsack,100,9147.0,9147.0,0.0,0.0805
knapPI_1_200_1000_1.txt,Knapsack,200,11238.0,11238.0,0.0,0.0635
knapPI_1_500_1000_1.txt,Knapsack,500,28857.0,28857.0,0.0,0.2176
knapPI_1_1000_1000_1.txt,Knapsack,1000,54503.0,54503.0,0.0,0.417
knapPI_1_2000_1000_1.txt,Knapsack,2000,110625.0,110625.0,0.0,0.3303
knapPI_1_5000_1000_1.txt,Knapsack,5000,276456.0,276458.8095238095,1.0162643637781714e-05,0.1162
knapPI_1_10000_1000_1.txt,Knapsack,10000,563632.0,563649.7900552487,3.156324560822224e-05,0.1854
knapPI_2_100_1000_1.txt,Knapsack,100,1514.0,1514.0,0.0,0.0479
knapPI_2_200_1000_1.txt,Knapsack,200,1634.0,1634.0,0.0,0.0467
knapPI_2_500_1000_1.txt,Knapsack,500,4566.0,4566.0,0.0,0.233
knapPI_2_1000_1000_1.txt,Knapsack,1000,9052.0,9052.0,0.0,0.3261
knapPI_2_2000_1000_1.txt,Knapsack,2000,18051.0,18051.0,0.0,0.1646
knapPI_2_5000_1000_1.txt,Knapsack,5000,44355.0,44357.0,4.509074512456318e-05,0.091
knapPI_2_10000_1000_1.txt,Knapsack,10000,90197.0,90204.0,7.76079027018637e-05,0.1273
knapPI_3_100_1000_1.txt,Knapsack,100,2397.0,2397.0,0.0,0.0374
knapPI_3_200_1000_1.txt,Knapsack,200,2697.0,2697.0,0.0,0.0528
knapPI_3_500_1000_1.txt,Knapsack,500,7117.0,7117.0,0.0,0.0598
knapPI_3_1000_1000_1.txt,Knapsack,1000,14390.0,14390.0,0.0,0.0656
knapPI_3_2000_1000_1.txt,Knapsack,2000,28919.0,28919.0,0.0,0.3411
knapPI_3_5000_1000_1.txt,Knapsack,5000,72505.0,72505.0,0.0,0.4124
knapPI_3_10000_1000_1.txt,Knapsack,10000,146919.0,146919.0,0.0,0.4098
MANN_a9.txt,Independent Set,45,16.0,16.0,0.0,0.0556
MANN_a27.txt,Independent Set,378,126.0,126.0,0.0,1.9378
MANN_a45.txt,Independent Set,1035,345.0,345.0,0.0,109.3557
brock200_2.txt,Independent Set,200,12.0,12.0,0.0,157.0031
brock200_3.txt,Independent Set,200,15.0,15.0,0.0,218.3973
brock200_4.txt,Independent Set,200,17.0,17.0,0.0,261.7777
c-fat200-1.txt,Independent Set,200,12.0,12.0,0.0,0.4192
c-fat200-2.txt,Independent Set,200,24.0,24.0,0.0,0.8563
c-fat200-5.txt,Independent Set,200,58.0,58.0,0.0,3.0378
c-fat500-1.txt,Independent Set,500,14.0,14.0,0.0,27.7417
c-fat500-5.txt,Independent Set,500,64.0,64.0,0.0,25.7135
c-fat500-10.txt,Independent Set,500,126.0,126.0,0.0,4.6985
hamming6-2.txt,Independent Set,64,32.0,32.0,0.0,0.0802
hamming6-4.txt,Independent Set,64,4.0,4.0,0.0,0.2231
hamming8-2.txt,Independent Set,256,128.0,128.0,0.0,0.0451
hamming8-4.txt,Independent Set,256,16.0,16.0,0.0,0.7208
hamming10-2.txt,Independent Set,1024,512.0,512.0,0.0,0.0962
c-fat500-2.txt,Independent Set,500,26.0,26.0,0.0,114.3954
johnson8-2-4.txt,Independent Set,28,4.0,4.0,0.0,1.4078
johnson8-4-4.txt,Independent Set,70,14.0,14.0,0.0,0.1317
johnson16-2-4.txt,Independent Set,120,8.0,8.0,0.0,1.8788
keller4.txt,Independent Set,171,11.0,11.0,0.0,14.3311
johnson32-2-4.txt,Independent Set,496,16.0,16.0,0.0,31.4058
p_hat300-2.txt,Independent Set,300,25.0,25.0,0.0,101.5104
p_hat300-1.txt,Independent Set,300,8.0,8.0,0.0,193.3478
san200_0.7_1.txt,Independent Set,200,30.0,30.0,0.0,0.4872
san200_0.7_2.txt,Independent Set,200,18.0,18.0,0.0,3.0725
san200_0.9_1.txt,Independent Set,200,70.0,70.0,0.0,0.1728
san200_0.9_2.txt,Independent Set,200,60.0,60.0,0.0,0.1767
san200_0.9_3.txt,Independent Set,200,44.0,44.0,0.0,0.7349
san400_0.7_1.txt,Independent Set,400,40.0,40.0,0.0,30.2184
san400_0.5_1.txt,Independent Set,400,13.0,13.0,0.0,73.3137
san400_0.9_1.txt,Independent Set,400,100.0,100.0,0.0,10.8475
san400_0.7_2.txt,Independent Set,400,30.0,30.0,0.0,76.3666
set_cover_n100_m63_d0.1_b_w38_seed1.txt,Set Cover,100,9.0,9.0,0.0,0.4749
set_cover_n100_m63_d0.1_b_w38_seed2.txt,Set Cover,100,8.0,8.0,0.0,0.2999
set_cover_n100_m63_d0.1_b_w38_seed3.txt,Set Cover,100,9.0,9.0,0.0,0.529
set_cover_n100_m63_d0.1_b_w38_seed4.txt,Set Cover,100,9.0,9.0,0.0,0.4538
set_cover_n100_m63_d0.2_b_w38_seed1.txt,Set Cover,100,5.0,5.0,0.0,0.2574
set_cover_n100_m63_d0.2_b_w38_seed2.txt,Set Cover,100,5.0,5.0,0.0,0.7608
set_cover_n100_m63_d0.2_b_w38_seed3.txt,Set Cover,100,5.0,5.0,0.0,0.2283
set_cover_n100_m63_d0.2_b_w38_seed4.txt,Set Cover,100,5.0,5.0,0.0,0.1433
set_cover_n100_m63_d0.3_b_w38_seed1.txt,Set Cover,100,4.0,4.0,0.0,0.1847
set_cover_n100_m63_d0.3_b_w38_seed2.txt,Set Cover,100,4.0,4.0,0.0,0.2073
set_cover_n100_m63_d0.3_b_w38_seed3.txt,Set Cover,100,4.0,4.0,0.0,0.1914
set_cover_n100_m63_d0.3_b_w38_seed4.txt,Set Cover,100,4.0,4.0,0.0,0.4932
set_cover_n100_m63_d0.4_b_w38_seed1.txt,Set Cover,100,2.0,2.0,0.0,0.0463
set_cover_n100_m63_d0.4_b_w38_seed2.txt,Set Cover,100,2.0,2.0,0.0,0.0638
set_cover_n100_m63_d0.4_b_w38_seed3.txt,Set Cover,100,2.0,2.0,0.0,0.09
set_cover_n100_m63_d0.4_b_w38_seed4.txt,Set Cover,100,2.0,2.0,0.0,0.065
set_cover_n100_m63_d0.05_b_w38_seed1.txt,Set Cover,100,14.0,14.0,0.0,0.1429
set_cover_n100_m63_d0.5_b_w38_seed1.txt,Set Cover,100,2.0,2.0,0.0,0.0465
set_cover_n100_m63_d0.05_b_w38_seed2.txt,Set Cover,100,16.0,16.0,0.0,1.2936
set_cover_n100_m63_d0.5_b_w38_seed2.txt,Set Cover,100,2.0,2.0,0.0,0.0663
set_cover_n100_m63_d0.05_b_w38_seed3.txt,Set Cover,100,15.0,15.0,0.0,0.1364
set_cover_n100_m63_d0.5_b_w38_seed3.txt,Set Cover,100,2.0,2.0,0.0,0.0503
set_cover_n100_m63_d0.05_b_w38_seed4.txt,Set Cover,100,14.0,14.0,0.0,0.0943
set_cover_n100_m63_d0.5_b_w38_seed4.txt,Set Cover,100,2.0,2.0,0.0,0.0588
set_cover_n100_m63_d0.15_b_w38_seed1.txt,Set Cover,100,7.0,7.0,0.0,1.9784
set_cover_n100_m63_d0.15_b_w38_seed2.txt,Set Cover,100,6.0,6.0,0.0,2.4341
set_cover_n100_m63_d0.15_b_w38_seed3.txt,Set Cover,100,7.0,7.0,0.0,1.4577
set_cover_n100_m63_d0.15_b_w38_seed4.txt,Set Cover,100,6.0,6.0,0.0,0.3996
set_cover_n100_m63_d0.25_b_w38_seed1.txt,Set Cover,100,4.0,4.0,0.0,0.2219
set_cover_n100_m63_d0.25_b_w38_seed2.txt,Set Cover,100,4.0,4.0,0.0,0.2845
set_cover_n100_m63_d0.25_b_w38_seed3.txt,Set Cover,100,4.0,4.0,0.0,0.2678
set_cover_n100_m63_d0.25_b_w38_seed4.txt,Set Cover,100,4.0,4.0,0.0,0.1636
set_cover_n100_m63_d0.35_b_w38_seed1.txt,Set Cover,100,2.0,2.0,0.0,0.1419
set_cover_n100_m63_d0.35_b_w38_seed2.txt,Set Cover,100,2.0,2.0,0.0,0.0373
set_cover_n100_m63_d0.35_b_w38_seed3.txt,Set Cover,100,3.0,3.0,0.0,0.142
set_cover_n100_m63_d0.35_b_w38_seed4.txt,Set Cover,100,2.0,2.0,0.0,0.0528
set_cover_n100_m63_d0.45_b_w38_seed1.txt,Set Cover,100,2.0,2.0,0.0,0.0664
set_cover_n100_m63_d0.45_b_w38_seed2.txt,Set Cover,100,2.0,2.0,0.0,0.0579
set_cover_n100_m63_d0.45_b_w38_seed3.txt,Set Cover,100,2.0,2.0,0.0,0.0389
set_cover_n100_m63_d0.45_b_w38_seed4.txt,Set Cover,100,2.0,2.0,0.0,0.1628
set_cover_n100_m66_d0.1_b_w35_seed1.txt,Set Cover,100,9.0,9.0,0.0,0.3325
set_cover_n100_m66_d0.1_b_w35_seed2.txt,Set Cover,100,9.0,9.0,0.0,0.2291
set_cover_n100_m66_d0.1_b_w35_seed3.txt,Set Cover,100,9.0,9.0,0.0,0.3074
set_cover_n100_m66_d0.1_b_w35_seed4.txt,Set Cover,100,9.0,9.0,0.0,0.3769
set_cover_n100_m66_d0.2_b_w35_seed1.txt,Set Cover,100,5.0,5.0,0.0,0.2562
set_cover_n100_m66_d0.2_b_w35_seed2.txt,Set Cover,100,5.0,5.0,0.0,0.271
set_cover_n100_m66_d0.2_b_w35_seed3.txt,Set Cover,100,5.0,5.0,0.0,0.2035
set_cover_n100_m66_d0.2_b_w35_seed4.txt,Set Cover,100,5.0,5.0,0.0,0.2495
set_cover_n100_m66_d0.3_b_w35_seed1.txt,Set Cover,100,4.0,4.0,0.0,0.2632
set_cover_n100_m66_d0.3_b_w35_seed2.txt,Set Cover,100,3.0,3.0,0.0,0.2
set_cover_n100_m66_d0.3_b_w35_seed3.txt,Set Cover,100,3.0,3.0,0.0,0.273
set_cover_n100_m66_d0.3_b_w35_seed4.txt,Set Cover,100,4.0,4.0,0.0,0.215
set_cover_n100_m66_d0.4_b_w35_seed1.txt,Set Cover,100,2.0,2.0,0.0,0.0335
set_cover_n100_m66_d0.4_b_w35_seed2.txt,Set Cover,100,2.0,2.0,0.0,0.067
set_cover_n100_m66_d0.4_b_w35_seed3.txt,Set Cover,100,2.0,2.0,0.0,0.0702
set_cover_n100_m66_d0.4_b_w35_seed4.txt,Set Cover,100,2.0,2.0,0.0,0.0745
set_cover_n100_m66_d0.05_b_w35_seed1.txt,Set Cover,100,15.0,15.0,0.0,0.2527
set_cover_n100_m66_d0.5_b_w35_seed1.txt,Set Cover,100,2.0,2.0,0.0,0.0688
set_cover_n100_m66_d0.05_b_w35_seed2.txt,Set Cover,100,15.0,15.0,0.0,0.2857
set_cover_n100_m66_d0.5_b_w35_seed2.txt,Set Cover,100,2.0,2.0,0.0,0.0754
set_cover_n100_m66_d0.05_b_w35_seed3.txt,Set Cover,100,15.0,15.0,0.0,0.1323
set_cover_n100_m66_d0.5_b_w35_seed3.txt,Set Cover,100,2.0,2.0,0.0,0.0469
set_cover_n100_m66_d0.05_b_w35_seed4.txt,Set Cover,100,14.0,14.0,0.0,0.1241
set_cover_n100_m66_d0.5_b_w35_seed4.txt,Set Cover,100,2.0,2.0,0.0,0.0409
set_cover_n100_m66_d0.15_b_w35_seed1.txt,Set Cover,100,6.0,6.0,0.0,0.3905
set_cover_n100_m66_d0.15_b_w35_seed2.txt,Set Cover,100,7.0,7.0,0.0,1.9061
set_cover_n100_m66_d0.15_b_w35_seed3.txt,Set Cover,100,7.0,7.0,0.0,0.5621
set_cover_n100_m66_d0.15_b_w35_seed4.txt,Set Cover,100,7.0,7.0,0.0,0.1826
set_cover_n100_m66_d0.25_b_w35_seed1.txt,Set Cover,100,4.0,4.0,0.0,0.0821
set_cover_n100_m66_d0.25_b_w35_seed2.txt,Set Cover,100,4.0,4.0,0.0,0.0813
set_cover_n100_m66_d0.25_b_w35_seed3.txt,Set Cover,100,4.0,4.0,0.0,0.1006
set_cover_n100_m66_d0.25_b_w35_seed4.txt,Set Cover,100,4.0,4.0,0.0,0.0799
set_cover_n100_m66_d0.35_b_w35_seed1.txt,Set Cover,100,2.0,2.0,0.0,0.0377
set_cover_n100_m66_d0.35_b_w35_seed2.txt,Set Cover,100,2.0,2.0,0.0,0.0551
set_cover_n100_m66_d0.35_b_w35_seed3.txt,Set Cover,100,2.0,2.0,0.0,0.0499
set_cover_n100_m66_d0.35_b_w35_seed4.txt,Set Cover,100,2.0,2.0,0.0,0.0814
set_cover_n100_m66_d0.45_b_w35_seed1.txt,Set Cover,100,2.0,2.0,0.0,0.056
set_cover_n100_m66_d0.45_b_w35_seed2.txt,Set Cover,100,2.0,2.0,0.0,0.0296
set_cover_n100_m66_d0.45_b_w35_seed3.txt,Set Cover,100,2.0,2.0,0.0,0.0297
set_cover_n100_m66_d0.45_b_w35_seed4.txt,Set Cover,100,2.0,2.0,0.0,0.0331
set_cover_n100_m69_d0.1_b_w32_seed1.txt,Set Cover,100,9.0,9.0,0.0,0.7653
set_cover_n100_m69_d0.1_b_w32_seed2.txt,Set Cover,100,10.0,10.0,0.0,0.7997
set_cover_n100_m69_d0.1_b_w32_seed3.txt,Set Cover,100,9.0,9.0,0.0,0.2611
set_cover_n100_m69_d0.1_b_w32_seed4.txt,Set Cover,100,9.0,9.0,0.0,0.2054
set_cover_n100_m69_d0.2_b_w32_seed1.txt,Set Cover,100,5.0,5.0,0.0,0.2499
set_cover_n100_m69_d0.2_b_w32_seed2.txt,Set Cover,100,5.0,5.0,0.0,0.1426
set_cover_n100_m69_d0.2_b_w32_seed3.txt,Set Cover,100,5.0,5.0,0.0,0.3607
set_cover_n100_m69_d0.2_b_w32_seed4.txt,Set Cover,100,5.0,5.0,0.0,0.1603
set_cover_n100_m69_d0.3_b_w32_seed1.txt,Set Cover,100,3.0,3.0,0.0,0.1518
set_cover_n100_m69_d0.3_b_w32_seed2.txt,Set Cover,100,3.0,3.0,0.0,0.1604
set_cover_n100_m69_d0.3_b_w32_seed3.txt,Set Cover,100,3.0,3.0,0.0,0.1695
set_cover_n100_m69_d0.3_b_w32_seed4.txt,Set Cover,100,3.0,3.0,0.0,0.1654
set_cover_n100_m69_d0.4_b_w32_seed1.txt,Set Cover,100,3.0,3.0,0.0,0.0688
set_cover_n100_m69_d0.4_b_w32_seed2.txt,Set Cover,100,3.0,3.0,0.0,0.0412
set_cover_n100_m69_d0.4_b_w32_seed3.txt,Set Cover,100,3.0,3.0,0.0,0.0386
set_cover_n100_m69_d0.4_b_w32_seed4.txt,Set Cover,100,3.0,3.0,0.0,0.0378
set_cover_n100_m69_d0.05_b_w32_seed1.txt,Set Cover,100,16.0,16.0,0.0,0.1481
set_cover_n100_m69_d0.5_b_w32_seed1.txt,Set Cover,100,3.0,3.0,0.0,0.0372
set_cover_n100_m69_d0.05_b_w32_seed2.txt,Set Cover,100,16.0,16.0,0.0,0.1119
set_cover_n100_m69_d0.5_b_w32_seed2.txt,Set Cover,100,3.0,3.0,0.0,0.0518
set_cover_n100_m69_d0.05_b_w32_seed3.txt,Set Cover,100,14.0,14.0,0.0,0.0858
set_cover_n100_m69_d0.5_b_w32_seed3.txt,Set Cover,100,3.0,3.0,0.0,0.0551
set_cover_n100_m69_d0.05_b_w32_seed4.txt,Set Cover,100,16.0,16.0,0.0,0.1156
set_cover_n100_m69_d0.5_b_w32_seed4.txt,Set Cover,100,3.0,3.0,0.0,0.0616
set_cover_n100_m69_d0.15_b_w32_seed1.txt,Set Cover,100,7.0,7.0,0.0,0.3218
set_cover_n100_m69_d0.15_b_w32_seed2.txt,Set Cover,100,7.0,7.0,0.0,0.117
set_cover_n100_m69_d0.15_b_w32_seed3.txt,Set Cover,100,7.0,7.0,0.0,0.6192
set_cover_n100_m69_d0.15_b_w32_seed4.txt,Set Cover,100,7.0,7.0,0.0,0.1318
set_cover_n100_m69_d0.25_b_w32_seed1.txt,Set Cover,100,4.0,4.0,0.0,0.0768
set_cover_n100_m69_d0.25_b_w32_seed2.txt,Set Cover,100,4.0,4.0,0.0,0.0525
set_cover_n100_m69_d0.25_b_w32_seed3.txt,Set Cover,100,4.0,4.0,0.0,0.072
set_cover_n100_m69_d0.25_b_w32_seed4.txt,Set Cover,100,4.0,4.0,0.0,0.0636
set_cover_n100_m69_d0.35_b_w32_seed1.txt,Set Cover,100,3.0,3.0,0.0,0.046
set_cover_n100_m69_d0.35_b_w32_seed2.txt,Set Cover,100,3.0,3.0,0.0,0.069
set_cover_n100_m69_d0.35_b_w32_seed3.txt,Set Cover,100,3.0,3.0,0.0,0.063
set_cover_n100_m69_d0.35_b_w32_seed4.txt,Set Cover,100,3.0,3.0,0.0,0.0909
set_cover_n100_m69_d0.45_b_w32_seed1.txt,Set Cover,100,3.0,3.0,0.0,0.0627
set_cover_n100_m69_d0.45_b_w32_seed2.txt,Set Cover,100,3.0,3.0,0.0,0.0636
set_cover_n100_m69_d0.45_b_w32_seed3.txt,Set Cover,100,3.0,3.0,0.0,0.069
set_cover_n100_m69_d0.45_b_w32_seed4.txt,Set Cover,100,3.0,3.0,0.0,0.0515
set_cover_n100_m72_d0.1_b_w29_seed1.txt,Set Cover,100,9.0,9.0,0.0,0.1237
set_cover_n100_m72_d0.1_b_w29_seed2.txt,Set Cover,100,9.0,9.0,0.0,0.1125
set_cover_n100_m72_d0.1_b_w29_seed3.txt,Set Cover,100,9.0,9.0,0.0,0.4378
set_cover_n100_m72_d0.1_b_w29_seed4.txt,Set Cover,100,10.0,10.0,0.0,0.4719
set_cover_n100_m72_d0.2_b_w29_seed1.txt,Set Cover,100,5.0,5.0,0.0,0.122
set_cover_n100_m72_d0.2_b_w29_seed2.txt,Set Cover,100,5.0,5.0,0.0,0.1734
set_cover_n100_m72_d0.2_b_w29_seed3.txt,Set Cover,100,5.0,5.0,0.0,0.0849
set_cover_n100_m72_d0.2_b_w29_seed4.txt,Set Cover,100,5.0,5.0,0.0,0.0877
set_cover_n100_m72_d0.3_b_w29_seed1.txt,Set Cover,100,3.0,3.0,0.0,0.0603
set_cover_n100_m72_d0.3_b_w29_seed2.txt,Set Cover,100,3.0,3.0,0.0,0.0664
set_cover_n100_m72_d0.3_b_w29_seed3.txt,Set Cover,100,3.0,3.0,0.0,0.0406
set_cover_n100_m72_d0.3_b_w29_seed4.txt,Set Cover,100,3.0,3.0,0.0,0.0492
set_cover_n100_m72_d0.4_b_w29_seed1.txt,Set Cover,100,3.0,3.0,0.0,0.0368
set_cover_n100_m72_d0.4_b_w29_seed2.txt,Set Cover,100,3.0,3.0,0.0,0.0446
set_cover_n100_m72_d0.4_b_w29_seed3.txt,Set Cover,100,3.0,3.0,0.0,0.0664
set_cover_n100_m72_d0.4_b_w29_seed4.txt,Set Cover,100,3.0,3.0,0.0,0.0482
set_cover_n100_m72_d0.05_b_w29_seed1.txt,Set Cover,100,15.0,15.0,0.0,0.1167
set_cover_n100_m72_d0.5_b_w29_seed1.txt,Set Cover,100,3.0,3.0,0.0,0.062
set_cover_n100_m72_d0.05_b_w29_seed2.txt,Set Cover,100,16.0,16.0,0.0,0.0865
set_cover_n100_m72_d0.5_b_w29_seed2.txt,Set Cover,100,3.0,3.0,0.0,0.0424
set_cover_n100_m72_d0.05_b_w29_seed3.txt,Set Cover,100,16.0,16.0,0.0,0.0954
set_cover_n100_m72_d0.5_b_w29_seed3.txt,Set Cover,100,3.0,3.0,0.0,0.0547
set_cover_n100_m72_d0.05_b_w29_seed4.txt,Set Cover,100,17.0,17.0,0.0,0.1182
set_cover_n100_m72_d0.5_b_w29_seed4.txt,Set Cover,100,3.0,3.0,0.0,0.0536
set_cover_n100_m72_d0.15_b_w29_seed1.txt,Set Cover,100,7.0,7.0,0.0,0.1121
set_cover_n100_m72_d0.15_b_w29_seed2.txt,Set Cover,100,7.0,7.0,0.0,0.1198
set_cover_n100_m72_d0.15_b_w29_seed3.txt,Set Cover,100,7.0,7.0,0.0,0.4181
set_cover_n100_m72_d0.15_b_w29_seed4.txt,Set Cover,100,6.0,6.0,0.0,0.0831
set_cover_n100_m72_d0.25_b_w29_seed1.txt,Set Cover,100,4.0,4.0,0.0,0.1013
set_cover_n100_m72_d0.25_b_w29_seed2.txt,Set Cover,100,4.0,4.0,0.0,0.065
set_cover_n100_m72_d0.25_b_w29_seed3.txt,Set Cover,100,4.0,4.0,0.0,0.0715
set_cover_n100_m72_d0.25_b_w29_seed4.txt,Set Cover,100,4.0,4.0,0.0,0.1132
set_cover_n100_m72_d0.35_b_w29_seed1.txt,Set Cover,100,3.0,3.0,0.0,0.0798
set_cover_n100_m72_d0.35_b_w29_seed2.txt,Set Cover,100,3.0,3.0,0.0,0.0782
set_cover_n100_m72_d0.35_b_w29_seed3.txt,Set Cover,100,3.0,3.0,0.0,0.0718
set_cover_n100_m72_d0.35_b_w29_seed4.txt,Set Cover,100,3.0,3.0,0.0,0.0867
set_cover_n100_m72_d0.45_b_w29_seed1.txt,Set Cover,100,3.0,3.0,0.0,0.0755
set_cover_n100_m72_d0.45_b_w29_seed2.txt,Set Cover,100,3.0,3.0,0.0,0.0609
set_cover_n100_m72_d0.45_b_w29_seed3.txt,Set Cover,100,3.0,3.0,0.0,0.0552
set_cover_n100_m72_d0.45_b_w29_seed4.txt,Set Cover,100,3.0,3.0,0.0,0.071
set_cover_n100_m75_d0.1_b_w26_seed1.txt,Set Cover,100,10.0,10.0,0.0,0.3214
set_cover_n100_m75_d0.1_b_w26_seed2.txt,Set Cover,100,9.0,9.0,0.0,0.0917
set_cover_n100_m75_d0.1_b_w26_seed3.txt,Set Cover,100,10.0,10.0,0.0,0.4971
set_cover_n100_m75_d0.1_b_w26_seed4.txt,Set Cover,100,10.0,10.0,0.0,0.5621
set_cover_n100_m75_d0.2_b_w26_seed1.txt,Set Cover,100,5.0,5.0,0.0,0.0723
set_cover_n100_m75_d0.2_b_w26_seed2.txt,Set Cover,100,5.0,5.0,0.0,0.058
set_cover_n100_m75_d0.2_b_w26_seed3.txt,Set Cover,100,5.0,5.0,0.0,0.0572
set_cover_n100_m75_d0.2_b_w26_seed4.txt,Set Cover,100,5.0,5.0,0.0,0.111
set_cover_n100_m75_d0.3_b_w26_seed1.txt,Set Cover,100,3.0,3.0,0.0,0.0349
set_cover_n100_m75_d0.3_b_w26_seed2.txt,Set Cover,100,3.0,3.0,0.0,0.0444
set_cover_n100_m75_d0.3_b_w26_seed3.txt,Set Cover,100,3.0,3.0,0.0,0.0496
set_cover_n100_m75_d0.3_b_w26_seed4.txt,Set Cover,100,3.0,3.0,0.0,0.0364
set_cover_n100_m75_d0.4_b_w26_seed1.txt,Set Cover,100,3.0,3.0,0.0,0.0396
set_cover_n100_m75_d0.4_b_w26_seed2.txt,Set Cover,100,3.0,3.0,0.0,0.0358
set_cover_n100_m75_d0.4_b_w26_seed3.txt,Set Cover,100,3.0,3.0,0.0,0.04
set_cover_n100_m75_d0.4_b_w26_seed4.txt,Set Cover,100,3.0,3.0,0.0,0.0394
set_cover_n100_m75_d0.05_b_w26_seed1.txt,Set Cover,100,16.0,16.0,0.0,0.1233
set_cover_n100_m75_d0.5_b_w26_seed1.txt,Set Cover,100,3.0,3.0,0.0,0.0449
set_cover_n100_m75_d0.05_b_w26_seed2.txt,Set Cover,100,16.0,16.0,0.0,0.09
set_cover_n100_m75_d0.5_b_w26_seed2.txt,Set Cover,100,3.0,3.0,0.0,0.0349
set_cover_n100_m75_d0.05_b_w26_seed3.txt,Set Cover,100,16.0,16.0,0.0,0.4602
set_cover_n100_m75_d0.5_b_w26_seed3.txt,Set Cover,100,3.0,3.0,0.0,0.0331
set_cover_n100_m75_d0.05_b_w26_seed4.txt,Set Cover,100,17.0,17.0,0.0,0.09
set_cover_n100_m75_d0.5_b_w26_seed4.txt,Set Cover,100,3.0,3.0,0.0,0.0411
set_cover_n100_m75_d0.15_b_w26_seed1.txt,Set Cover,100,7.0,7.0,0.0,0.0912
set_cover_n100_m75_d0.15_b_w26_seed2.txt,Set Cover,100,7.0,7.0,0.0,0.1149
set_cover_n100_m75_d0.15_b_w26_seed3.txt,Set Cover,100,7.0,7.0,0.0,0.1065
set_cover_n100_m75_d0.15_b_w26_seed4.txt,Set Cover,100,8.0,8.0,0.0,0.558
set_cover_n100_m75_d0.25_b_w26_seed1.txt,Set Cover,100,4.0,4.0,0.0,0.0875
set_cover_n100_m75_d0.25_b_w26_seed2.txt,Set Cover,100,4.0,4.0,0.0,0.0925
set_cover_n100_m75_d0.25_b_w26_seed3.txt,Set Cover,100,3.0,3.0,0.0,0.0729
set_cover_n100_m75_d0.25_b_w26_seed4.txt,Set Cover,100,3.0,3.0,0.0,0.0628
set_cover_n100_m75_d0.35_b_w26_seed1.txt,Set Cover,100,3.0,3.0,0.0,0.0469
set_cover_n100_m75_d0.35_b_w26_seed2.txt,Set Cover,100,3.0,3.0,0.0,0.0588
set_cover_n100_m75_d0.35_b_w26_seed3.txt,Set Cover,100,3.0,3.0,0.0,0.0802
set_cover_n100_m75_d0.35_b_w26_seed4.txt,Set Cover,100,3.0,3.0,0.0,0.0447
set_cover_n100_m75_d0.45_b_w26_seed1.txt,Set Cover,100,3.0,3.0,0.0,0.0548
set_cover_n100_m75_d0.45_b_w26_seed2.txt,Set Cover,100,3.0,3.0,0.0,0.0725
set_cover_n100_m75_d0.45_b_w26_seed3.txt,Set Cover,100,3.0,3.0,0.0,0.0778
set_cover_n100_m75_d0.45_b_w26_seed4.txt,Set Cover,100,3.0,3.0,0.0,0.0706
set_cover_n100_m78_d0.1_b_w23_seed1.txt,Set Cover,100,11.0,11.0,0.0,1.0938
set_cover_n100_m78_d0.1_b_w23_seed2.txt,Set Cover,100,10.0,10.0,0.0,0.1822
set_cover_n100_m78_d0.1_b_w23_seed3.txt,Set Cover,100,9.0,9.0,0.0,0.1317
set_cover_n100_m78_d0.1_b_w23_seed4.txt,Set Cover,100,10.0,10.0,0.0,0.188
set_cover_n100_m78_d0.2_b_w23_seed1.txt,Set Cover,100,5.0,5.0,0.0,0.0654
set_cover_n100_m78_d0.2_b_w23_seed2.txt,Set Cover,100,5.0,5.0,0.0,0.0672
set_cover_n100_m78_d0.2_b_w23_seed3.txt,Set Cover,100,5.0,5.0,0.0,0.0702
set_cover_n100_m78_d0.2_b_w23_seed4.txt,Set Cover,100,5.0,5.0,0.0,0.0804
set_cover_n100_m78_d0.3_b_w23_seed1.txt,Set Cover,100,4.0,4.0,0.0,0.0334
set_cover_n100_m78_d0.3_b_w23_seed2.txt,Set Cover,100,4.0,4.0,0.0,0.0391
set_cover_n100_m78_d0.3_b_w23_seed3.txt,Set Cover,100,4.0,4.0,0.0,0.0469
set_cover_n100_m78_d0.3_b_w23_seed4.txt,Set Cover,100,4.0,4.0,0.0,0.0412
set_cover_n100_m78_d0.4_b_w23_seed1.txt,Set Cover,100,4.0,4.0,0.0,0.0434
set_cover_n100_m78_d0.4_b_w23_seed2.txt,Set Cover,100,4.0,4.0,0.0,0.0591
set_cover_n100_m78_d0.4_b_w23_seed3.txt,Set Cover,100,4.0,4.0,0.0,0.045
set_cover_n100_m78_d0.4_b_w23_seed4.txt,Set Cover,100,4.0,4.0,0.0,0.0325
set_cover_n100_m78_d0.05_b_w23_seed1.txt,Set Cover,100,17.0,17.0,0.0,0.1694
set_cover_n100_m78_d0.5_b_w23_seed1.txt,Set Cover,100,4.0,4.0,0.0,0.0445
set_cover_n100_m78_d0.05_b_w23_seed2.txt,Set Cover,100,17.0,17.0,0.0,0.1062
set_cover_n100_m78_d0.5_b_w23_seed2.txt,Set Cover,100,4.0,4.0,0.0,0.0643
set_cover_n100_m78_d0.05_b_w23_seed3.txt,Set Cover,100,16.0,16.0,0.0,0.0861
set_cover_n100_m78_d0.5_b_w23_seed3.txt,Set Cover,100,4.0,4.0,0.0,0.0478
set_cover_n100_m78_d0.05_b_w23_seed4.txt,Set Cover,100,17.0,17.0,0.0,0.0982
set_cover_n100_m78_d0.5_b_w23_seed4.txt,Set Cover,100,4.0,4.0,0.0,0.0405
set_cover_n100_m78_d0.15_b_w23_seed1.txt,Set Cover,100,7.0,7.0,0.0,0.0722
set_cover_n100_m78_d0.15_b_w23_seed2.txt,Set Cover,100,7.0,7.0,0.0,0.0717
set_cover_n100_m78_d0.15_b_w23_seed3.txt,Set Cover,100,7.0,7.0,0.0,0.5042
set_cover_n100_m78_d0.15_b_w23_seed4.txt,Set Cover,100,7.0,7.0,0.0,0.1058
set_cover_n100_m78_d0.25_b_w23_seed1.txt,Set Cover,100,4.0,4.0,0.0,0.0723
set_cover_n100_m78_d0.25_b_w23_seed2.txt,Set Cover,100,4.0,4.0,0.0,0.0614
set_cover_n100_m78_d0.25_b_w23_seed3.txt,Set Cover,100,4.0,4.0,0.0,0.0836
set_cover_n100_m78_d0.25_b_w23_seed4.txt,Set Cover,100,4.0,4.0,0.0,0.0897
set_cover_n100_m78_d0.35_b_w23_seed1.txt,Set Cover,100,4.0,4.0,0.0,0.0722
set_cover_n100_m78_d0.35_b_w23_seed2.txt,Set Cover,100,4.0,4.0,0.0,0.0584
set_cover_n100_m78_d0.35_b_w23_seed3.txt,Set Cover,100,4.0,4.0,0.0,0.063
set_cover_n100_m78_d0.35_b_w23_seed4.txt,Set Cover,100,4.0,4.0,0.0,0.0694
set_cover_n100_m78_d0.45_b_w23_seed1.txt,Set Cover,100,4.0,4.0,0.0,0.0478
set_cover_n100_m78_d0.45_b_w23_seed2.txt,Set Cover,100,4.0,4.0,0.0,0.0754
set_cover_n100_m78_d0.45_b_w23_seed3.txt,Set Cover,100,4.0,4.0,0.0,0.0337
set_cover_n100_m78_d0.45_b_w23_seed4.txt,Set Cover,100,4.0,4.0,0.0,0.0702
set_cover_n100_m81_d0.1_b_w20_seed1.txt,Set Cover,100,10.0,10.0,0.0,0.104
set_cover_n100_m81_d0.1_b_w20_seed2.txt,Set Cover,100,10.0,10.0,0.0,0.0849
set_cover_n100_m81_d0.1_b_w20_seed3.txt,Set Cover,100,10.0,10.0,0.0,0.1209
set_cover_n100_m81_d0.1_b_w20_seed4.txt,Set Cover,100,10.0,10.0,0.0,0.0885
set_cover_n100_m81_d0.2_b_w20_seed1.txt,Set Cover,100,5.0,5.0,0.0,0.0401
set_cover_n100_m81_d0.2_b_w20_seed2.txt,Set Cover,100,5.0,5.0,0.0,0.0428
set_cover_n100_m81_d0.2_b_w20_seed3.txt,Set Cover,100,5.0,5.0,0.0,0.0519
set_cover_n100_m81_d0.2_b_w20_seed4.txt,Set Cover,100,5.0,5.0,0.0,0.0573
set_cover_n100_m81_d0.3_b_w20_seed1.txt,Set Cover,100,5.0,5.0,0.0,0.048
set_cover_n100_m81_d0.3_b_w20_seed2.txt,Set Cover,100,5.0,5.0,0.0,0.0436
set_cover_n100_m81_d0.3_b_w20_seed3.txt,Set Cover,100,5.0,5.0,0.0,0.082
set_cover_n100_m81_d0.3_b_w20_seed4.txt,Set Cover,100,5.0,5.0,0.0,0.0478
set_cover_n100_m81_d0.4_b_w20_seed1.txt,Set Cover,100,5.0,5.0,0.0,0.0588
set_cover_n100_m81_d0.4_b_w20_seed2.txt,Set Cover,100,5.0,5.0,0.0,0.0456
set_cover_n100_m81_d0.4_b_w20_seed3.txt,Set Cover,100,5.0,5.0,0.0,0.0386
set_cover_n100_m81_d0.4_b_w20_seed4.txt,Set Cover,100,5.0,5.0,0.0,0.4894
set_cover_n100_m81_d0.05_b_w20_seed1.txt,Set Cover,100,17.0,17.0,0.0,0.1168
set_cover_n100_m81_d0.5_b_w20_seed1.txt,Set Cover,100,5.0,5.0,0.0,0.1126
set_cover_n100_m81_d0.05_b_w20_seed2.txt,Set Cover,100,18.0,18.0,0.0,0.1355
set_cover_n100_m81_d0.5_b_w20_seed2.txt,Set Cover,100,5.0,5.0,0.0,0.0596
set_cover_n100_m81_d0.05_b_w20_seed3.txt,Set Cover,100,17.0,17.0,0.0,0.1114
set_cover_n100_m81_d0.5_b_w20_seed3.txt,Set Cover,100,5.0,5.0,0.0,0.0458
set_cover_n100_m81_d0.05_b_w20_seed4.txt,Set Cover,100,17.0,17.0,0.0,0.1425
set_cover_n100_m81_d0.5_b_w20_seed4.txt,Set Cover,100,5.0,5.0,0.0,0.0557
set_cover_n100_m81_d0.15_b_w20_seed1.txt,Set Cover,100,7.0,7.0,0.0,0.1396
set_cover_n100_m81_d0.15_b_w20_seed2.txt,Set Cover,100,7.0,7.0,0.0,0.219
set_cover_n100_m81_d0.15_b_w20_seed3.txt,Set Cover,100,8.0,8.0,0.0,0.5665
set_cover_n100_m81_d0.15_b_w20_seed4.txt,Set Cover,100,7.0,7.0,0.0,0.0931
set_cover_n100_m81_d0.25_b_w20_seed1.txt,Set Cover,100,5.0,5.0,0.0,0.0592
set_cover_n100_m81_d0.25_b_w20_seed2.txt,Set Cover,100,5.0,5.0,0.0,0.0634
set_cover_n100_m81_d0.25_b_w20_seed3.txt,Set Cover,100,5.0,5.0,0.0,0.0365
set_cover_n100_m81_d0.25_b_w20_seed4.txt,Set Cover,100,5.0,5.0,0.0,0.0606
set_cover_n100_m81_d0.35_b_w20_seed1.txt,Set Cover,100,5.0,5.0,0.0,0.0365
set_cover_n100_m81_d0.35_b_w20_seed2.txt,Set Cover,100,5.0,5.0,0.0,0.0301
set_cover_n100_m81_d0.35_b_w20_seed3.txt,Set Cover,100,5.0,5.0,0.0,0.049
set_cover_n100_m81_d0.35_b_w20_seed4.txt,Set Cover,100,5.0,5.0,0.0,0.0333
set_cover_n100_m81_d0.45_b_w20_seed1.txt,Set Cover,100,5.0,5.0,0.0,0.0556
set_cover_n100_m81_d0.45_b_w20_seed2.txt,Set Cover,100,5.0,5.0,0.0,0.0238
set_cover_n100_m81_d0.45_b_w20_seed3.txt,Set Cover,100,5.0,5.0,0.0,0.0304
set_cover_n100_m81_d0.45_b_w20_seed4.txt,Set Cover,100,5.0,5.0,0.0,0.0652
set_cover_n100_m84_d0.1_b_w17_seed1.txt,Set Cover,100,11.0,11.0,0.0,0.147
set_cover_n100_m84_d0.1_b_w17_seed2.txt,Set Cover,100,11.0,11.0,0.0,0.1614
set_cover_n100_m84_d0.1_b_w17_seed3.txt,Set Cover,100,10.0,10.0,0.0,0.1177
set_cover_n100_m84_d0.1_b_w17_seed4.txt,Set Cover,100,10.0,10.0,0.0,0.0869
set_cover_n100_m84_d0.2_b_w17_seed1.txt,Set Cover,100,5.0,5.0,0.0,0.0311
set_cover_n100_m84_d0.2_b_w17_seed2.txt,Set Cover,100,5.0,5.0,0.0,0.0479
set_cover_n100_m84_d0.2_b_w17_seed3.txt,Set Cover,100,5.0,5.0,0.0,0.0514
set_cover_n100_m84_d0.2_b_w17_seed4.txt,Set Cover,100,5.0,5.0,0.0,0.0486
set_cover_n100_m84_d0.3_b_w17_seed1.txt,Set Cover,100,5.0,5.0,0.0,0.0522
set_cover_n100_m84_d0.3_b_w17_seed2.txt,Set Cover,100,5.0,5.0,0.0,0.0301
set_cover_n100_m84_d0.3_b_w17_seed3.txt,Set Cover,100,5.0,5.0,0.0,0.0346
set_cover_n100_m84_d0.3_b_w17_seed4.txt,Set Cover,100,5.0,5.0,0.0,0.0367
set_cover_n100_m84_d0.4_b_w17_seed1.txt,Set Cover,100,5.0,5.0,0.0,0.0423
set_cover_n100_m84_d0.4_b_w17_seed2.txt,Set Cover,100,5.0,5.0,0.0,0.0701
set_cover_n100_m84_d0.4_b_w17_seed3.txt,Set Cover,100,5.0,5.0,0.0,0.0723
set_cover_n100_m84_d0.4_b_w17_seed4.txt,Set Cover,100,5.0,5.0,0.0,0.4984
set_cover_n100_m84_d0.05_b_w17_seed1.txt,Set Cover,100,17.0,17.0,0.0,0.1323
set_cover_n100_m84_d0.5_b_w17_seed1.txt,Set Cover,100,5.0,5.0,0.0,0.1028
set_cover_n100_m84_d0.05_b_w17_seed2.txt,Set Cover,100,17.0,17.0,0.0,0.1351
set_cover_n100_m84_d0.5_b_w17_seed2.txt,Set Cover,100,5.0,5.0,0.0,0.0441
set_cover_n100_m84_d0.05_b_w17_seed3.txt,Set Cover,100,19.0,19.0,0.0,0.3939
set_cover_n100_m84_d0.5_b_w17_seed3.txt,Set Cover,100,5.0,5.0,0.0,0.0983
set_cover_n100_m84_d0.05_b_w17_seed4.txt,Set Cover,100,18.0,18.0,0.0,0.2123
set_cover_n100_m84_d0.5_b_w17_seed4.txt,Set Cover,100,5.0,5.0,0.0,0.0699
set_cover_n100_m84_d0.15_b_w17_seed1.txt,Set Cover,100,6.0,6.0,0.0,0.0798
set_cover_n100_m84_d0.15_b_w17_seed2.txt,Set Cover,100,6.0,6.0,0.0,0.0645
set_cover_n100_m84_d0.15_b_w17_seed3.txt,Set Cover,100,7.0,7.0,0.0,0.0994
set_cover_n100_m84_d0.15_b_w17_seed4.txt,Set Cover,100,6.0,6.0,0.0,0.0557
set_cover_n100_m84_d0.25_b_w17_seed1.txt,Set Cover,100,5.0,5.0,0.0,0.0599
set_cover_n100_m84_d0.25_b_w17_seed2.txt,Set Cover,100,5.0,5.0,0.0,0.0405
set_cover_n100_m84_d0.25_b_w17_seed3.txt,Set Cover,100,5.0,5.0,0.0,0.0312
set_cover_n100_m84_d0.25_b_w17_seed4.txt,Set Cover,100,5.0,5.0,0.0,0.0688
set_cover_n100_m84_d0.35_b_w17_seed1.txt,Set Cover,100,5.0,5.0,0.0,0.0498
set_cover_n100_m84_d0.35_b_w17_seed2.txt,Set Cover,100,5.0,5.0,0.0,0.0345
set_cover_n100_m84_d0.35_b_w17_seed3.txt,Set Cover,100,5.0,5.0,0.0,0.0325
set_cover_n100_m84_d0.35_b_w17_seed4.txt,Set Cover,100,5.0,5.0,0.0,0.0517
set_cover_n100_m84_d0.45_b_w17_seed1.txt,Set Cover,100,5.0,5.0,0.0,0.0433
set_cover_n100_m84_d0.45_b_w17_seed2.txt,Set Cover,100,5.0,5.0,0.0,0.0467
set_cover_n100_m84_d0.45_b_w17_seed3.txt,Set Cover,100,5.0,5.0,0.0,0.0692
set_cover_n100_m84_d0.45_b_w17_seed4.txt,Set Cover,100,5.0,5.0,0.0,0.044
set_cover_n250_m86_d0.3_b_w165_seed1.txt,Set Cover,250,4.0,4.0,0.0,3.4488
set_cover_n250_m86_d0.3_b_w165_seed2.txt,Set Cover,250,4.0,4.0,0.0,6.2101
set_cover_n250_m86_d0.3_b_w165_seed3.txt,Set Cover,250,4.0,4.0,0.0,8.3046
set_cover_n250_m86_d0.3_b_w165_seed4.txt,Set Cover,250,4.0,4.0,0.0,11.4884
