File_name,Problem type,Variables number,DD Type,Max Width,Num SOC constraints,Cut Type,CutStrengthening,Best solution,Root Gap,Gap,Solution Time,DD Time,Total Number Nodes,Total Number Arcs,NodeBB,Num Cuts
knapsack_n100m10o1b5_0.txt,SOC Knapsack,100,RelaxPriority,4000,10,FlowCuts,False,3911.0,0.015341344924571721,0.0,3.3391,4.6118,13230,24512,562,37
knapsack_n100m10o1b5_2.txt,SOC Knapsack,100,RelaxPriority,4000,10,FlowCuts,False,3743.0,0.020571733903286135,0.0,4.3355,5.1417,16135,30073,1198,19
knapsack_n100m10o1b5_4.txt,SOC Knapsack,100,RelaxPriority,4000,10,FlowCuts,False,3861.0,0.014504014504014505,0.0,5.7071,4.1563,16485,30509,454,92
knapsack_n100m10o1b5_3.txt,SOC Knapsack,100,RelaxPriority,4000,10,FlowCuts,False,4231.0,0.014890096903805246,0.0,14.8551,4.6436,12755,23677,1023,64
knapsack_n100m10o1b5_1.txt,SOC Knapsack,100,RelaxPriority,4000,10,FlowCuts,False,4344.0,0.025552486187845305,0.0,16.1795,4.7069,14772,27796,1126,39
knapsack_n100m10o3b5_0.txt,SOC Knapsack,100,RelaxPriority,4000,10,FlowCuts,False,3820.0,0.026963350785340314,0.0,5.2588,3.888,13814,25289,1817,51
knapsack_n100m10o3b5_1.txt,SOC Knapsack,100,RelaxPriority,4000,10,FlowCuts,False,4253.0,0.030331530684222903,0.0,4.1164,3.7715,15240,28298,1203,80
knapsack_n100m10o3b5_2.txt,SOC Knapsack,100,RelaxPriority,4000,10,FlowCuts,False,3609.0,0.03380437794402882,0.0,7.7385,4.3642,15545,28628,2597,42
knapsack_n100m10o3b5_4.txt,SOC Knapsack,100,RelaxPriority,4000,10,FlowCuts,False,3806.0,0.019180241723594324,0.0,3.0521,3.6878,17153,31388,545,91
knapsack_n100m10o3b5_3.txt,SOC Knapsack,100,RelaxPriority,4000,10,FlowCuts,False,4114.0,0.024793388429752067,0.0,8.1108,3.9394,13742,25083,2050,58
knapsack_n100m10o5b5_0.txt,SOC Knapsack,100,RelaxPriority,4000,10,FlowCuts,False,3787.0,0.031423290203327174,0.0,18.2517,3.9267000000000003,12556,22796,1072,86
knapsack_n100m10o5b5_4.txt,SOC Knapsack,100,RelaxPriority,4000,10,FlowCuts,False,3766.0,0.023632501327668615,0.0,11.22,2.9767,16865,30493,523,124
knapsack_n100m10o5b5_1.txt,SOC Knapsack,100,RelaxPriority,4000,10,FlowCuts,False,4189.0,0.0334208641680592,0.0,26.4499,3.4993,13985,25898,1826,118
knapsack_n100m10o5b5_2.txt,SOC Knapsack,100,RelaxPriority,4000,10,FlowCuts,False,3511.0,0.03987467957846767,0.0,28.3584,4.2056,14201,26000,2628,86
knapsack_n100m10o5b5_3.txt,SOC Knapsack,100,RelaxPriority,4000,10,FlowCuts,False,4015.0,0.03661270236612702,0.0,25.0247,3.553,13670,24784,3730,87
knapsack_n100m20o1b5_0.txt,SOC Knapsack,100,RelaxPriority,4000,20,FlowCuts,False,3360.0,0.033928571428571426,0.0,24.5286,11.159,31488,58853,2842,61
knapsack_n100m20o1b5_1.txt,SOC Knapsack,100,RelaxPriority,4000,20,FlowCuts,False,3255.0,0.025192012288786484,0.0,29.1018,12.080300000000001,29841,55816,1105,82
knapsack_n100m20o1b5_2.txt,SOC Knapsack,100,RelaxPriority,4000,20,FlowCuts,False,3539.0,0.025713478383724217,0.0,37.42,10.7618,29469,54250,1949,48
knapsack_n100m20o1b5_3.txt,SOC Knapsack,100,RelaxPriority,4000,20,FlowCuts,False,3692.0,0.03629469122426869,0.0,36.8264,11.3371,30649,57220,5197,61
knapsack_n100m20o1b5_4.txt,SOC Knapsack,100,RelaxPriority,4000,20,FlowCuts,False,3633.0,0.030002752546105148,0.0,49.2771,11.721400000000001,31339,58534,6143,75
knapsack_n100m20o3b5_1.txt,SOC Knapsack,100,RelaxPriority,4000,20,FlowCuts,False,3124.0,0.04257362355953905,0.0,37.9453,11.2949,30392,56293,6345,117
knapsack_n100m20o3b5_0.txt,SOC Knapsack,100,RelaxPriority,4000,20,FlowCuts,False,3193.0,0.05042279987472596,0.0,87.2566,10.4479,32310,59615,15523,71
knapsack_n100m20o3b5_2.txt,SOC Knapsack,100,RelaxPriority,4000,20,FlowCuts,False,3359.0,0.051503423637987496,0.0,130.4958,9.387599999999999,30192,54920,18938,87
knapsack_n100m20o3b5_3.txt,SOC Knapsack,100,RelaxPriority,4000,20,FlowCuts,False,3514.0,0.049800796812749,0.0,135.4311,10.3151,31992,58879,20320,67
knapsack_n100m20o3b5_4.txt,SOC Knapsack,100,RelaxPriority,4000,20,FlowCuts,False,3485.0,0.049067431850789094,0.0,136.1153,10.8828,31283,58109,19858,71
knapsack_n100m20o5b5_0.txt,SOC Knapsack,100,RelaxPriority,4000,20,FlowCuts,False,3071.0,0.06447411266688376,0.0,123.5334,9.719100000000001,30895,56580,18965,75
knapsack_n100m20o5b5_1.txt,SOC Knapsack,100,RelaxPriority,4000,20,FlowCuts,False,3029.0,0.04985143611753054,0.0,87.0737,11.0053,29984,55183,3703,101
knapsack_n125m10o1b5_0.txt,SOC Knapsack,125,RelaxPriority,4000,10,FlowCuts,False,5206.0,0.009220130618517095,0.0,2.6514,6.692,19888,36673,443,29
knapsack_n125m10o1b5_2.txt,SOC Knapsack,125,RelaxPriority,4000,10,FlowCuts,False,5231.0,0.01873446759701778,0.0,15.1022,7.6912,20788,38086,611,53
knapsack_n125m10o1b5_1.txt,SOC Knapsack,125,RelaxPriority,4000,10,FlowCuts,False,5358.0,0.02146323254945875,0.0,40.6315,8.0259,20291,37448,1352,36
knapsack_n125m10o1b5_4.txt,SOC Knapsack,125,RelaxPriority,4000,10,FlowCuts,False,5147.0,0.015543034777540314,0.0,5.005,8.3078,19303,35940,1750,26
knapsack_n125m10o1b5_3.txt,SOC Knapsack,125,RelaxPriority,4000,10,FlowCuts,False,5096.0,0.016875981161695447,0.0,23.6573,8.2934,18607,34538,674,19
knapsack_n125m10o3b5_1.txt,SOC Knapsack,125,RelaxPriority,4000,10,FlowCuts,False,5294.0,0.020022667170381564,0.0,5.3402,8.1605,20962,38432,992,52
knapsack_n125m10o3b5_0.txt,SOC Knapsack,125,RelaxPriority,4000,10,FlowCuts,False,5058.0,0.01601423487544484,0.0,32.7727,6.6996,20939,37981,1359,87
knapsack_n125m10o3b5_2.txt,SOC Knapsack,125,RelaxPriority,4000,10,FlowCuts,False,5107.0,0.0225181123947523,0.0,31.0671,7.2475000000000005,20752,37754,1731,54
knapsack_n125m10o3b5_3.txt,SOC Knapsack,125,RelaxPriority,4000,10,FlowCuts,False,4986.0,0.01764941837144003,0.0,27.6262,8.4156,19455,35648,845,54
knapsack_n100m20o5b5_4.txt,SOC Knapsack,100,RelaxPriority,4000,20,FlowCuts,False,3379.0,0.0648120745782776,0.0,163.9849,10.2231,29718,54743,24020,86
knapsack_n125m10o3b5_4.txt,SOC Knapsack,125,RelaxPriority,4000,10,FlowCuts,False,5053.0,0.022560854937660794,0.0,17.0281,7.7673,20341,37683,6221,43
knapsack_n100m20o5b5_3.txt,SOC Knapsack,100,RelaxPriority,4000,20,FlowCuts,False,3380.0,0.06597633136094674,0.0,197.2845,10.0298,30245,55126,22922,131
knapsack_n125m10o5b5_0.txt,SOC Knapsack,125,RelaxPriority,4000,10,FlowCuts,False,5010.0,0.017764471057884233,0.0,26.5297,6.61,19852,35813,729,124
knapsack_n125m10o5b5_1.txt,SOC Knapsack,125,RelaxPriority,4000,10,FlowCuts,False,5242.0,0.024036627241510875,0.0,17.976,7.7299,20650,37676,661,59
knapsack_n125m10o5b5_2.txt,SOC Knapsack,125,RelaxPriority,4000,10,FlowCuts,False,5020.0,0.02848605577689243,0.0,36.4883,7.0178,20511,37092,3476,104
knapsack_n100m20o5b5_2.txt,SOC Knapsack,100,RelaxPriority,4000,20,FlowCuts,False,3240.0,0.06790123456790123,0.0,265.6865,9.5834,29495,53058,27329,113
knapsack_n125m10o5b5_3.txt,SOC Knapsack,125,RelaxPriority,4000,10,FlowCuts,False,4853.0,0.030084483824438492,0.0,43.514,8.0408,20080,36482,4557,73
knapsack_n125m10o5b5_4.txt,SOC Knapsack,125,RelaxPriority,4000,10,FlowCuts,False,4995.0,0.026426426426426425,0.0,50.4767,7.3788,18949,34839,3403,57
knapsack_n125m20o1b5_4.txt,SOC Knapsack,125,RelaxPriority,4000,20,FlowCuts,False,4470.0,0.026621923937360178,0.0,116.0439,18.2563,37898,70132,6194,45
knapsack_n125m20o1b5_3.txt,SOC Knapsack,125,RelaxPriority,4000,20,FlowCuts,False,4580.0,0.02554585152838428,0.0,207.9169,19.4082,39833,73436,21667,57
knapsack_n125m20o1b5_2.txt,SOC Knapsack,125,RelaxPriority,4000,20,FlowCuts,False,4617.0,0.02902317522200563,0.0,306.9346,18.3778,35474,66040,24674,56
knapsack_n125m20o1b5_0.txt,SOC Knapsack,125,RelaxPriority,4000,20,FlowCuts,False,4386.0,0.03237574099407205,0.0,1142.627,17.9752,38333,71241,67811,40
knapsack_n125m20o1b5_1.txt,SOC Knapsack,125,RelaxPriority,4000,20,FlowCuts,False,4714.0,0.03415358506576156,0.0,1559.295,18.655,36814,68505,91896,68
knapsack_n125m20o3b5_4.txt,SOC Knapsack,125,RelaxPriority,4000,20,FlowCuts,False,4268.0,0.036785379568884724,0.0,94.7869,18.1526,38353,70182,11727,80
knapsack_n125m20o3b5_3.txt,SOC Knapsack,125,RelaxPriority,4000,20,FlowCuts,False,4435.0,0.038556933483652765,0.0,702.0476,19.0802,39808,72738,52786,78
knapsack_n125m20o3b5_2.txt,SOC Knapsack,125,RelaxPriority,4000,20,FlowCuts,False,4400.0,0.04659090909090909,0.0,1759.19,17.987,36275,66846,116283,73
knapsack_n125m20o3b5_0.txt,SOC Knapsack,125,RelaxPriority,4000,20,FlowCuts,False,4208.0,0.046102661596958174,0.0,1947.8773,17.894099999999998,39704,72947,120836,59
knapsack_n125m20o3b5_1.txt,SOC Knapsack,125,RelaxPriority,4000,20,FlowCuts,False,4501.0,0.04643412574983337,0.007776049766718507,3600.0618,17.5133,39074,72040,185330,62
knapsack_n125m20o5b5_1.txt,SOC Knapsack,125,RelaxPriority,4000,20,FlowCuts,False,4362.0,0.05731315910132966,0.0,2175.6549,18.0982,40347,73830,149327,62
knapsack_n150m10o1b5_0.txt,SOC Knapsack,150,RelaxPriority,4000,10,FlowCuts,False,6139.0,0.013845903241570288,0.0,3.4297,12.2607,24290,44793,860,24
knapsack_n150m10o1b5_1.txt,SOC Knapsack,150,RelaxPriority,4000,10,FlowCuts,False,5985.0,0.011361737677527151,0.0,4.5787,11.741,18953,35266,1347,32
knapsack_n150m10o1b5_2.txt,SOC Knapsack,150,RelaxPriority,4000,10,FlowCuts,False,6045.0,0.011083540115798181,0.0,30.4094,11.7774,21915,40104,1132,17
knapsack_n125m20o5b5_2.txt,SOC Knapsack,125,RelaxPriority,4000,20,FlowCuts,False,4262.0,0.06170811825434069,0.0,2008.6444,17.1172,36634,67224,124987,87
knapsack_n150m10o1b5_3.txt,SOC Knapsack,150,RelaxPriority,4000,10,FlowCuts,False,6102.0,0.014093739757456572,0.0,5.5296,10.843300000000001,22646,41692,1581,32
knapsack_n150m10o3b5_0.txt,SOC Knapsack,150,RelaxPriority,4000,10,FlowCuts,False,5977.0,0.020746193742680274,0.0,5.0838,11.0679,25033,45705,1435,36
knapsack_n150m10o1b5_4.txt,SOC Knapsack,150,RelaxPriority,4000,10,FlowCuts,False,6435.0,0.011655011655011656,0.0,30.0694,11.7434,26123,48137,1073,31
knapsack_n150m10o3b5_2.txt,SOC Knapsack,150,RelaxPriority,4000,10,FlowCuts,False,5929.0,0.017203575645134087,0.0,32.8374,10.6924,23128,41655,7375,46
knapsack_n150m10o3b5_1.txt,SOC Knapsack,150,RelaxPriority,4000,10,FlowCuts,False,5775.0,0.021471861471861472,0.0,60.3194,10.4055,19482,36021,4817,28
knapsack_n150m10o3b5_3.txt,SOC Knapsack,150,RelaxPriority,4000,10,FlowCuts,False,6017.0,0.01562240319095895,0.0,31.5967,10.2811,24101,43848,791,39
knapsack_n150m10o5b5_0.txt,SOC Knapsack,150,RelaxPriority,4000,10,FlowCuts,False,5848.0,0.030266757865937074,0.0,34.0971,10.6333,25380,45805,3349,58
knapsack_n125m20o5b5_4.txt,SOC Knapsack,125,RelaxPriority,4000,20,FlowCuts,False,4090.0,0.0569682151589242,0.0,485.8736,16.5494,38145,69355,55695,139
knapsack_n150m10o3b5_4.txt,SOC Knapsack,150,RelaxPriority,4000,10,FlowCuts,False,6220.0,0.022668810289389066,0.0,108.2605,11.942400000000001,27876,50877,21923,63
knapsack_n150m10o5b5_2.txt,SOC Knapsack,150,RelaxPriority,4000,10,FlowCuts,False,5857.0,0.020829776336008195,0.0,46.8003,9.9586,23681,42556,4807,49
knapsack_n150m10o5b5_3.txt,SOC Knapsack,150,RelaxPriority,4000,10,FlowCuts,False,5898.0,0.02882332994235334,0.0,38.5839,9.2478,24958,44784,3810,68
knapsack_n150m10o5b5_1.txt,SOC Knapsack,150,RelaxPriority,4000,10,FlowCuts,False,5619.0,0.03399181348994483,0.0,125.3685,9.4762,19354,35533,24618,40
knapsack_n150m10o5b5_4.txt,SOC Knapsack,150,RelaxPriority,4000,10,FlowCuts,False,6121.0,0.02826335566083973,0.0,63.8673,10.2879,28167,50837,8917,57
knapsack_n150m20o1b5_1.txt,SOC Knapsack,150,RelaxPriority,4000,20,FlowCuts,False,5626.0,0.02292925702097405,0.0,120.1431,24.3892,41434,76966,11803,37
knapsack_n125m20o5b5_0.txt,SOC Knapsack,125,RelaxPriority,4000,20,FlowCuts,False,4066.0,0.05976389572060994,0.0,2989.6631,18.2184,38313,70002,185141,81
knapsack_n150m20o1b5_3.txt,SOC Knapsack,150,RelaxPriority,4000,20,FlowCuts,False,5627.0,0.02381375510929447,0.0,340.2989,26.6916,44111,81304,23006,32
knapsack_n150m20o1b5_0.txt,SOC Knapsack,150,RelaxPriority,4000,20,FlowCuts,False,5840.0,0.02089041095890411,0.0,678.3452,26.4308,46826,85963,46950,50
knapsack_n150m20o1b5_4.txt,SOC Knapsack,150,RelaxPriority,4000,20,FlowCuts,False,5755.0,0.02519548218940052,0.0,958.3553,27.1276,48558,89073,55397,70
knapsack_n125m20o5b5_3.txt,SOC Knapsack,125,RelaxPriority,4000,20,FlowCuts,False,4297.0,0.05515475913427973,0.010006981615080289,3600.0687,17.7003,37532,68133,206211,104
knapsack_n150m20o3b5_1.txt,SOC Knapsack,150,RelaxPriority,4000,20,FlowCuts,False,5437.0,0.03329041750965606,0.0,665.9055,22.7734,42715,78481,64277,60
knapsack_n150m20o3b5_3.txt,SOC Knapsack,150,RelaxPriority,4000,20,FlowCuts,False,5465.0,0.03494967978042086,0.0,687.3571,24.9119,45808,83690,49878,44
knapsack_n150m20o1b5_2.txt,SOC Knapsack,150,RelaxPriority,4000,20,FlowCuts,False,5485.0,0.02935278030993619,0.0012762078395624431,3600.0675,26.4463,44186,81481,172853,41
knapsack_n150m20o3b5_0.txt,SOC Knapsack,150,RelaxPriority,4000,20,FlowCuts,False,5601.0,0.04231387252276379,0.011426530976611319,3600.0704,24.9589,47347,86034,193201,78
knapsack_n150m20o3b5_2.txt,SOC Knapsack,150,RelaxPriority,4000,20,FlowCuts,False,5277.0,0.04112184953572105,0.0070115595982565854,3600.0732,25.0029,45214,82803,177617,62
knapsack_n150m20o3b5_4.txt,SOC Knapsack,150,RelaxPriority,4000,20,FlowCuts,False,5567.0,0.03664451230465242,0.005748158792886654,3600.0707,26.720100000000002,51321,92671,199997,54
knapsack_n150m20o5b5_0.txt,SOC Knapsack,150,RelaxPriority,4000,20,FlowCuts,False,5495.0,0.04695177434030937,0.0,3027.6844,23.837,47503,85856,204085,120
knapsack_n150m20o5b5_1.txt,SOC Knapsack,150,RelaxPriority,4000,20,FlowCuts,False,5285.0,0.04768211920529802,0.0,2593.8732,22.482499999999998,43842,79924,206028,79
knapsack_n150m20o5b5_4.txt,SOC Knapsack,150,RelaxPriority,4000,20,FlowCuts,False,5455.0,0.04179651695692026,0.0,2393.3353,26.1687,50701,90817,150909,92
knapsack_n150m20o5b5_2.txt,SOC Knapsack,150,RelaxPriority,4000,20,FlowCuts,False,5138.0,0.05118723238614247,0.0070066173608407945,3600.0768,23.592200000000002,44837,81646,207230,84
knapsack_n150m20o5b5_3.txt,SOC Knapsack,150,RelaxPriority,4000,20,FlowCuts,False,5317.0,0.0509685913108896,0.0,2979.4472,22.8976,45689,83131,158305,110
knapsack_n100m10o1b5_4.txt,SOC Knapsack,100,RelaxPriority,4000,10,FlowCuts,True,3861.0,0.012173012173012173,0.0,2.194,4.3834,16485,30509,513,33
knapsack_n100m10o1b5_0.txt,SOC Knapsack,100,RelaxPriority,4000,10,FlowCuts,True,3911.0,0.01380721043211455,0.0,4.8462,4.7041,13230,24512,404,35
knapsack_n100m10o3b5_0.txt,SOC Knapsack,100,RelaxPriority,4000,10,FlowCuts,True,3820.0,0.019109947643979056,0.0,2.9583,4.0865,13814,25289,1072,30
knapsack_n100m10o1b5_3.txt,SOC Knapsack,100,RelaxPriority,4000,10,FlowCuts,True,4231.0,0.01276294020326164,0.0,14.7542,4.9086,12755,23677,901,33
knapsack_n100m10o3b5_1.txt,SOC Knapsack,100,RelaxPriority,4000,10,FlowCuts,True,4253.0,0.02703973665647778,0.0,5.9477,3.8293,15240,28298,1647,58
knapsack_n100m10o1b5_2.txt,SOC Knapsack,100,RelaxPriority,4000,10,FlowCuts,True,3743.0,0.016297087897408497,0.0,17.9447,5.3546000000000005,16135,30073,701,16
knapsack_n100m10o1b5_1.txt,SOC Knapsack,100,RelaxPriority,4000,10,FlowCuts,True,4344.0,0.02532228360957643,0.0,22.0892,5.02,14772,27796,1253,26
knapsack_n100m10o3b5_4.txt,SOC Knapsack,100,RelaxPriority,4000,10,FlowCuts,True,3806.0,0.013399894902785077,0.0,1.4661,3.8338,17153,31388,639,43
knapsack_n100m10o5b5_0.txt,SOC Knapsack,100,RelaxPriority,4000,10,FlowCuts,True,3787.0,0.020860839714813836,0.0,1.4212,4.0025,12556,22796,807,40
knapsack_n100m10o3b5_2.txt,SOC Knapsack,100,RelaxPriority,4000,10,FlowCuts,True,3609.0,0.025768911055694097,0.0,6.6581,4.4638,15545,28628,2521,31
knapsack_n100m10o3b5_3.txt,SOC Knapsack,100,RelaxPriority,4000,10,FlowCuts,True,4114.0,0.01968886728245017,0.0,5.8856,4.2333,13742,25083,1692,48
knapsack_n100m10o5b5_1.txt,SOC Knapsack,100,RelaxPriority,4000,10,FlowCuts,True,4189.0,0.030078777751253283,0.0,5.8937,3.5788,13985,25898,1582,62
knapsack_n100m10o5b5_4.txt,SOC Knapsack,100,RelaxPriority,4000,10,FlowCuts,True,3766.0,0.011949017525225704,0.0,1.6557,3.4595000000000002,16865,30493,508,61
knapsack_n100m10o5b5_3.txt,SOC Knapsack,100,RelaxPriority,4000,10,FlowCuts,True,4015.0,0.026151930261519303,0.0,22.8119,3.903,13670,24784,2734,78
knapsack_n100m10o5b5_2.txt,SOC Knapsack,100,RelaxPriority,4000,10,FlowCuts,True,3511.0,0.031045286243235545,0.0,32.8185,4.831300000000001,14201,26000,1460,42
knapsack_n100m20o1b5_2.txt,SOC Knapsack,100,RelaxPriority,4000,20,FlowCuts,True,3539.0,0.021474992935857588,0.0,17.1189,10.9729,29469,54250,1614,43
knapsack_n100m20o1b5_0.txt,SOC Knapsack,100,RelaxPriority,4000,20,FlowCuts,True,3360.0,0.03363095238095238,0.0,26.0464,12.1906,31488,58853,3269,52
knapsack_n100m20o1b5_1.txt,SOC Knapsack,100,RelaxPriority,4000,20,FlowCuts,True,3255.0,0.022119815668202765,0.0,22.0845,12.668800000000001,29841,55816,1009,45
knapsack_n100m20o1b5_3.txt,SOC Knapsack,100,RelaxPriority,4000,20,FlowCuts,True,3692.0,0.02952329360780065,0.0,37.3803,11.3701,30649,57220,5098,45
knapsack_n100m20o3b5_1.txt,SOC Knapsack,100,RelaxPriority,4000,20,FlowCuts,True,3124.0,0.03873239436619718,0.0,25.2461,12.8191,30392,56293,4843,65
knapsack_n100m20o1b5_4.txt,SOC Knapsack,100,RelaxPriority,4000,20,FlowCuts,True,3633.0,0.02917698871456097,0.0,36.997,12.6692,31339,58534,3829,44
knapsack_n100m20o3b5_2.txt,SOC Knapsack,100,RelaxPriority,4000,20,FlowCuts,True,3359.0,0.04435844001190831,0.0,70.3178,10.5851,30192,54920,14242,68
knapsack_n100m20o3b5_0.txt,SOC Knapsack,100,RelaxPriority,4000,20,FlowCuts,True,3193.0,0.04854368932038835,0.0,97.0568,11.985,32310,59615,14142,60
knapsack_n100m20o3b5_3.txt,SOC Knapsack,100,RelaxPriority,4000,20,FlowCuts,True,3514.0,0.04809334092202618,0.0,94.3648,11.0159,31992,58879,16130,57
knapsack_n100m20o5b5_0.txt,SOC Knapsack,100,RelaxPriority,4000,20,FlowCuts,True,3071.0,0.06186909801367633,0.0,95.7427,9.7752,30895,56580,16628,66
knapsack_n100m20o3b5_4.txt,SOC Knapsack,100,RelaxPriority,4000,20,FlowCuts,True,3485.0,0.04648493543758967,0.0,112.5903,11.6361,31283,58109,17730,70
knapsack_n100m20o5b5_1.txt,SOC Knapsack,100,RelaxPriority,4000,20,FlowCuts,True,3029.0,0.04522944866292506,0.0,79.396,11.2212,29984,55183,2724,77
knapsack_n125m10o1b5_0.txt,SOC Knapsack,125,RelaxPriority,4000,10,FlowCuts,True,5206.0,0.004994237418363427,0.0,3.9121,6.5748,19888,36673,402,23
knapsack_n125m10o1b5_2.txt,SOC Knapsack,125,RelaxPriority,4000,10,FlowCuts,True,5231.0,0.014146434716115465,0.0,17.1687,7.7422,20788,38086,703,24
knapsack_n125m10o1b5_1.txt,SOC Knapsack,125,RelaxPriority,4000,10,FlowCuts,True,5358.0,0.01866368047779022,0.0,27.0385,8.2486,20291,37448,1292,22
knapsack_n125m10o1b5_3.txt,SOC Knapsack,125,RelaxPriority,4000,10,FlowCuts,True,5096.0,0.014521193092621664,0.0,33.9408,8.4786,18607,34538,645,19
knapsack_n125m10o1b5_4.txt,SOC Knapsack,125,RelaxPriority,4000,10,FlowCuts,True,5147.0,0.015154458908101806,0.0,30.5534,8.6609,19303,35940,978,22
knapsack_n100m20o5b5_2.txt,SOC Knapsack,100,RelaxPriority,4000,20,FlowCuts,True,3240.0,0.056790123456790124,0.0,146.0191,9.4486,29495,53058,18013,99
knapsack_n125m10o3b5_0.txt,SOC Knapsack,125,RelaxPriority,4000,10,FlowCuts,True,5058.0,0.014432582048240411,0.0,7.6188,6.771800000000001,20939,37981,1426,50
knapsack_n125m10o3b5_1.txt,SOC Knapsack,125,RelaxPriority,4000,10,FlowCuts,True,5294.0,0.013222516055912353,0.0,3.9928,8.144,20962,38432,662,42
knapsack_n125m10o3b5_2.txt,SOC Knapsack,125,RelaxPriority,4000,10,FlowCuts,True,5107.0,0.020364205991775994,0.0,6.6866,7.4395,20752,37754,1757,49
knapsack_n125m10o3b5_3.txt,SOC Knapsack,125,RelaxPriority,4000,10,FlowCuts,True,4986.0,0.0152426795026073,0.0,5.6996,8.4362,19455,35648,626,32
knapsack_n125m10o5b5_0.txt,SOC Knapsack,125,RelaxPriority,4000,10,FlowCuts,True,5010.0,0.009780439121756487,0.0,2.4914,6.508900000000001,19852,35813,505,90
knapsack_n125m10o3b5_4.txt,SOC Knapsack,125,RelaxPriority,4000,10,FlowCuts,True,5053.0,0.021175539283593905,0.0,13.8727,7.813000000000001,20341,37683,5596,30
knapsack_n125m10o5b5_1.txt,SOC Knapsack,125,RelaxPriority,4000,10,FlowCuts,True,5242.0,0.014307516215185044,0.0,13.567,7.4524,20650,37676,429,49
knapsack_n100m20o5b5_3.txt,SOC Knapsack,100,RelaxPriority,4000,20,FlowCuts,True,3380.0,0.05917159763313609,0.0,165.418,10.4103,30245,55126,17526,71
knapsack_n125m10o5b5_2.txt,SOC Knapsack,125,RelaxPriority,4000,10,FlowCuts,True,5020.0,0.023705179282868527,0.0,30.4703,6.9421,20511,37092,2153,67
knapsack_n125m10o5b5_3.txt,SOC Knapsack,125,RelaxPriority,4000,10,FlowCuts,True,4853.0,0.024933031114774365,0.0,42.9128,8.0876,20080,36482,3510,47
knapsack_n125m10o5b5_4.txt,SOC Knapsack,125,RelaxPriority,4000,10,FlowCuts,True,4995.0,0.023423423423423424,0.0,30.0174,6.8379,18949,34839,2659,35
knapsack_n100m20o5b5_4.txt,SOC Knapsack,100,RelaxPriority,4000,20,FlowCuts,True,3379.0,0.06333234684817994,0.0,194.1684,10.1855,29718,54743,26961,73
knapsack_n125m20o1b5_4.txt,SOC Knapsack,125,RelaxPriority,4000,20,FlowCuts,True,4470.0,0.023937360178970916,0.0,61.9184,19.119799999999998,37898,70132,8425,36
knapsack_n125m20o1b5_3.txt,SOC Knapsack,125,RelaxPriority,4000,20,FlowCuts,True,4580.0,0.023580786026200874,0.0,169.2536,19.5291,39833,73436,19022,49
knapsack_n125m20o1b5_2.txt,SOC Knapsack,125,RelaxPriority,4000,20,FlowCuts,True,4617.0,0.025774312324019926,0.0,196.0558,18.5907,35474,66040,19489,49
knapsack_n125m20o1b5_0.txt,SOC Knapsack,125,RelaxPriority,4000,20,FlowCuts,True,4386.0,0.03169174646602827,0.0,805.2903,17.4247,38333,71241,62038,32
knapsack_n125m20o3b5_0.txt,SOC Knapsack,125,RelaxPriority,4000,20,FlowCuts,True,4208.0,0.04467680608365019,0.0,1280.2592,17.6185,39704,72947,95435,39
knapsack_n125m20o3b5_4.txt,SOC Knapsack,125,RelaxPriority,4000,20,FlowCuts,True,4268.0,0.035379568884723524,0.0,97.4202,18.5051,38353,70182,13384,59
knapsack_n125m20o3b5_3.txt,SOC Knapsack,125,RelaxPriority,4000,20,FlowCuts,True,4435.0,0.03810597519729425,0.0,804.7484,19.1036,39808,72738,59659,50
knapsack_n125m20o3b5_2.txt,SOC Knapsack,125,RelaxPriority,4000,20,FlowCuts,True,4400.0,0.04454545454545455,0.0,1740.7726,17.7626,36275,66846,106588,55
knapsack_n125m20o1b5_1.txt,SOC Knapsack,125,RelaxPriority,4000,20,FlowCuts,True,4714.0,0.03245651251591006,0.0,2009.7099,18.476,36814,68505,133801,34
knapsack_n125m20o5b5_2.txt,SOC Knapsack,125,RelaxPriority,4000,20,FlowCuts,True,4262.0,0.05302674800563116,0.0,849.2749,17.7094,36634,67224,76874,70
knapsack_n125m20o5b5_4.txt,SOC Knapsack,125,RelaxPriority,4000,20,FlowCuts,True,4090.0,0.05452322738386308,0.0,388.8681,16.5266,38145,69355,42045,116
knapsack_n150m10o1b5_0.txt,SOC Knapsack,150,RelaxPriority,4000,10,FlowCuts,True,6139.0,0.012868545365694739,0.0,3.2394,12.2434,24290,44793,606,18
knapsack_n150m10o1b5_1.txt,SOC Knapsack,150,RelaxPriority,4000,10,FlowCuts,True,5985.0,0.010192147034252298,0.0,11.2987,11.9024,18953,35266,489,12
knapsack_n150m10o1b5_2.txt,SOC Knapsack,150,RelaxPriority,4000,10,FlowCuts,True,6045.0,0.010752688172043012,0.0,27.4822,11.8955,21915,40104,1289,12
knapsack_n125m20o5b5_1.txt,SOC Knapsack,125,RelaxPriority,4000,20,FlowCuts,True,4362.0,0.055937643282897756,0.0,1729.4668,18.1719,40347,73830,141870,64
knapsack_n150m10o1b5_3.txt,SOC Knapsack,150,RelaxPriority,4000,10,FlowCuts,True,6102.0,0.012291052114060964,0.0,6.1776,11.102699999999999,22646,41692,1522,21
knapsack_n150m10o3b5_0.txt,SOC Knapsack,150,RelaxPriority,4000,10,FlowCuts,True,5977.0,0.016563493391333443,0.0,4.9963,11.4587,25033,45705,1129,30
knapsack_n150m10o1b5_4.txt,SOC Knapsack,150,RelaxPriority,4000,10,FlowCuts,True,6435.0,0.011344211344211345,0.0,20.0116,11.8407,26123,48137,1002,26
knapsack_n150m10o3b5_1.txt,SOC Knapsack,150,RelaxPriority,4000,10,FlowCuts,True,5775.0,0.01904761904761905,0.0,54.8203,10.4352,19482,36021,5419,30
knapsack_n150m10o3b5_2.txt,SOC Knapsack,150,RelaxPriority,4000,10,FlowCuts,True,5929.0,0.015854275594535335,0.0,51.2061,10.786,23128,41655,3862,36
knapsack_n150m10o3b5_3.txt,SOC Knapsack,150,RelaxPriority,4000,10,FlowCuts,True,6017.0,0.012298487618414492,0.0,6.3919,10.044,24101,43848,974,28
knapsack_n150m10o5b5_0.txt,SOC Knapsack,150,RelaxPriority,4000,10,FlowCuts,True,5848.0,0.02479480164158687,0.0,33.2444,10.2197,25380,45805,1722,36
knapsack_n150m10o3b5_4.txt,SOC Knapsack,150,RelaxPriority,4000,10,FlowCuts,True,6220.0,0.022186495176848873,0.0,113.2587,11.5294,27876,50877,23679,33
knapsack_n150m10o5b5_2.txt,SOC Knapsack,150,RelaxPriority,4000,10,FlowCuts,True,5857.0,0.020488304592794947,0.0,45.0833,10.2864,23681,42556,2684,30
knapsack_n150m10o5b5_1.txt,SOC Knapsack,150,RelaxPriority,4000,10,FlowCuts,True,5619.0,0.03274604022067984,0.0,136.4314,9.4693,19354,35533,31485,35
knapsack_n150m10o5b5_3.txt,SOC Knapsack,150,RelaxPriority,4000,10,FlowCuts,True,5898.0,0.023906408952187184,0.0,14.2189,9.4513,24958,44784,4208,35
knapsack_n150m10o5b5_4.txt,SOC Knapsack,150,RelaxPriority,4000,10,FlowCuts,True,6121.0,0.026139519686325764,0.0,55.0196,10.2583,28167,50837,10348,39
knapsack_n125m20o3b5_1.txt,SOC Knapsack,125,RelaxPriority,4000,20,FlowCuts,True,4501.0,0.04399022439457898,0.008664741168629194,3600.0785,18.1556,39074,72040,177070,48
knapsack_n150m20o1b5_1.txt,SOC Knapsack,150,RelaxPriority,4000,20,FlowCuts,True,5626.0,0.021151795236402416,0.0,170.6314,24.3731,41434,76966,14913,26
knapsack_n150m20o1b5_3.txt,SOC Knapsack,150,RelaxPriority,4000,20,FlowCuts,True,5627.0,0.023102896747822996,0.0,279.7954,26.690900000000003,44111,81304,20518,30
knapsack_n150m20o1b5_0.txt,SOC Knapsack,150,RelaxPriority,4000,20,FlowCuts,True,5840.0,0.020376712328767123,0.0,866.1417,26.0616,46826,85963,47085,37
knapsack_n125m20o5b5_0.txt,SOC Knapsack,125,RelaxPriority,4000,20,FlowCuts,True,4066.0,0.05632070831283817,0.0,3215.1048,18.2772,38313,70002,201091,71
knapsack_n125m20o5b5_3.txt,SOC Knapsack,125,RelaxPriority,4000,20,FlowCuts,True,4307.0,0.048525655908985374,0.0,2880.1391,18.1717,37532,68133,194196,89
knapsack_n150m20o3b5_1.txt,SOC Knapsack,150,RelaxPriority,4000,20,FlowCuts,True,5437.0,0.03273864263380541,0.0,867.3937,23.0255,42715,78481,71603,51
knapsack_n150m20o1b5_4.txt,SOC Knapsack,150,RelaxPriority,4000,20,FlowCuts,True,5755.0,0.02467419635099913,0.0,1516.2018,27.736,48558,89073,86129,26
knapsack_n150m20o3b5_3.txt,SOC Knapsack,150,RelaxPriority,4000,20,FlowCuts,True,5465.0,0.03385178408051235,0.0,1050.469,24.7858,45808,83690,73639,43
knapsack_n150m20o1b5_2.txt,SOC Knapsack,150,RelaxPriority,4000,20,FlowCuts,True,5485.0,0.02789425706472197,0.003099361896080219,3600.069,26.729499999999998,44186,81481,142539,33
knapsack_n150m20o3b5_0.txt,SOC Knapsack,150,RelaxPriority,4000,20,FlowCuts,True,5610.0,0.04046345811051694,0.009625668449197862,3600.0796,25.4702,47347,86034,227773,58
knapsack_n150m20o3b5_2.txt,SOC Knapsack,150,RelaxPriority,4000,20,FlowCuts,True,5277.0,0.03752131893121091,0.0062535531552018195,3600.0769,24.802,45214,82803,167385,41
knapsack_n150m20o3b5_4.txt,SOC Knapsack,150,RelaxPriority,4000,20,FlowCuts,True,5568.0,0.03609913793103448,0.005028735632183908,3600.0811,26.7711,51321,92671,173985,38
knapsack_n150m20o5b5_0.txt,SOC Knapsack,150,RelaxPriority,4000,20,FlowCuts,True,5495.0,0.04640582347588717,0.004367606915377616,3600.0845,23.9805,47503,85856,210202,79
knapsack_n150m20o5b5_1.txt,SOC Knapsack,150,RelaxPriority,4000,20,FlowCuts,True,5285.0,0.04730368968779565,0.0,3184.6077,23.0377,43842,79924,179010,67
knapsack_n150m20o5b5_2.txt,SOC Knapsack,150,RelaxPriority,4000,20,FlowCuts,True,5138.0,0.04476449980537174,0.0,3168.516,23.5218,44837,81646,187167,61
knapsack_n150m20o5b5_4.txt,SOC Knapsack,150,RelaxPriority,4000,20,FlowCuts,True,5455.0,0.03904674610449129,0.0,2276.5184,26.5003,50701,90817,132820,65
knapsack_n150m20o5b5_3.txt,SOC Knapsack,150,RelaxPriority,4000,20,FlowCuts,True,5317.0,0.044197855933797256,0.0,3303.5532,22.8231,45689,83131,187541,73
knapsack_n100m10o1b5_4.txt,SOC Knapsack,100,RelaxPriority,4000,10,JointFlowCuts,False,3861.0,0.008288008288008289,0.0,8.0274,4.2886999999999995,16485,30509,585,167
knapsack_n100m10o1b5_0.txt,SOC Knapsack,100,RelaxPriority,4000,10,JointFlowCuts,False,3911.0,0.006136537969828688,0.0,9.7223,4.6030999999999995,13230,24512,443,128
knapsack_n100m10o1b5_3.txt,SOC Knapsack,100,RelaxPriority,4000,10,JointFlowCuts,False,4231.0,0.009690380524698653,0.0,14.4134,4.7991,12755,23677,725,176
knapsack_n100m10o1b5_1.txt,SOC Knapsack,100,RelaxPriority,4000,10,JointFlowCuts,False,4344.0,0.01910681399631676,0.0,19.7683,4.9074,14772,27796,1155,93
knapsack_n100m10o1b5_2.txt,SOC Knapsack,100,RelaxPriority,4000,10,JointFlowCuts,False,3743.0,0.012823938017632914,0.0,20.5511,5.2072,16135,30073,740,75
knapsack_n100m10o3b5_0.txt,SOC Knapsack,100,RelaxPriority,4000,10,JointFlowCuts,False,3820.0,0.013089005235602094,0.0,6.3711,3.9818,13814,25289,597,134
knapsack_n100m10o3b5_1.txt,SOC Knapsack,100,RelaxPriority,4000,10,JointFlowCuts,False,4253.0,0.017634610862920293,0.0,11.8874,3.7157,15240,28298,1090,218
knapsack_n100m10o5b5_0.txt,SOC Knapsack,100,RelaxPriority,4000,10,JointFlowCuts,False,3787.0,0.014259308159493002,0.0,6.1053,3.9999000000000002,12556,22796,463,204
knapsack_n100m10o3b5_4.txt,SOC Knapsack,100,RelaxPriority,4000,10,JointFlowCuts,False,3806.0,0.009458749343142408,0.0,9.5921,3.8433,17153,31388,348,197
knapsack_n100m10o3b5_3.txt,SOC Knapsack,100,RelaxPriority,4000,10,JointFlowCuts,False,4114.0,0.01385512882839086,0.0,27.2098,4.2225,13742,25083,1632,125
knapsack_n100m10o3b5_2.txt,SOC Knapsack,100,RelaxPriority,4000,10,JointFlowCuts,False,3609.0,0.017456359102244388,0.0,38.945,4.3213,15545,28628,1289,138
knapsack_n100m10o5b5_2.txt,SOC Knapsack,100,RelaxPriority,4000,10,JointFlowCuts,False,3511.0,0.01822842495015665,0.0,22.3896,4.9147,14201,26000,1196,127
knapsack_n100m10o5b5_4.txt,SOC Knapsack,100,RelaxPriority,4000,10,JointFlowCuts,False,3766.0,0.007700477960701009,0.0,9.4397,3.2755,16865,30493,68,234
knapsack_n100m10o5b5_3.txt,SOC Knapsack,100,RelaxPriority,4000,10,JointFlowCuts,False,4015.0,0.016687422166874223,0.0,28.6466,3.9573,13670,24784,1699,284
knapsack_n100m10o5b5_1.txt,SOC Knapsack,100,RelaxPriority,4000,10,JointFlowCuts,False,4189.0,0.016471711625686322,0.0,40.9151,3.4232,13985,25898,1155,231
knapsack_n100m20o1b5_0.txt,SOC Knapsack,100,RelaxPriority,4000,20,JointFlowCuts,False,3360.0,0.022321428571428572,0.0,33.2661,12.302100000000001,31488,58853,2046,204
knapsack_n100m20o1b5_1.txt,SOC Knapsack,100,RelaxPriority,4000,20,JointFlowCuts,False,3255.0,0.01935483870967742,0.0,27.356,13.2395,29841,55816,760,136
knapsack_n100m20o1b5_2.txt,SOC Knapsack,100,RelaxPriority,4000,20,JointFlowCuts,False,3539.0,0.01469341621927098,0.0,56.9107,11.4416,29469,54250,1290,270
knapsack_n100m20o1b5_3.txt,SOC Knapsack,100,RelaxPriority,4000,20,JointFlowCuts,False,3692.0,0.02275189599133261,0.0,58.7234,12.2319,30649,57220,5154,259
knapsack_n100m20o3b5_1.txt,SOC Knapsack,100,RelaxPriority,4000,20,JointFlowCuts,False,3124.0,0.027208706786171575,0.0,27.7918,12.4316,30392,56293,2586,244
knapsack_n100m20o3b5_0.txt,SOC Knapsack,100,RelaxPriority,4000,20,JointFlowCuts,False,3193.0,0.034137175070466645,0.0,43.6554,11.745,32310,59615,6084,277
knapsack_n100m20o1b5_4.txt,SOC Knapsack,100,RelaxPriority,4000,20,JointFlowCuts,False,3633.0,0.018992568125516102,0.0,102.1219,12.5876,31339,58534,4472,192
knapsack_n100m20o3b5_2.txt,SOC Knapsack,100,RelaxPriority,4000,20,JointFlowCuts,False,3359.0,0.023518904435844,0.0,41.0666,10.0944,30192,54920,5022,327
knapsack_n100m20o3b5_4.txt,SOC Knapsack,100,RelaxPriority,4000,20,JointFlowCuts,False,3485.0,0.03156384505021521,0.0,56.1354,11.9842,31283,58109,6052,332
knapsack_n100m20o5b5_1.txt,SOC Knapsack,100,RelaxPriority,4000,20,JointFlowCuts,False,3029.0,0.0237702211951139,0.0,26.7178,12.1384,29984,55183,2028,280
knapsack_n100m20o3b5_3.txt,SOC Knapsack,100,RelaxPriority,4000,20,JointFlowCuts,False,3514.0,0.02731929425156517,0.0,89.3109,11.063,31992,58879,10561,295
knapsack_n125m10o1b5_0.txt,SOC Knapsack,125,RelaxPriority,4000,10,JointFlowCuts,False,5206.0,0.004802151363810988,0.0,4.2208,6.7639,19888,36673,367,73
knapsack_n100m20o5b5_0.txt,SOC Knapsack,100,RelaxPriority,4000,20,JointFlowCuts,False,3071.0,0.030934549006838164,0.0,87.7953,10.6907,30895,56580,4325,426
knapsack_n125m10o1b5_2.txt,SOC Knapsack,125,RelaxPriority,4000,10,JointFlowCuts,False,5231.0,0.009749569871917415,0.0,21.3738,7.6148,20788,38086,725,90
knapsack_n100m20o5b5_2.txt,SOC Knapsack,100,RelaxPriority,4000,20,JointFlowCuts,False,3240.0,0.029012345679012345,0.0,101.4059,10.2532,29495,53058,9479,401
knapsack_n125m10o1b5_1.txt,SOC Knapsack,125,RelaxPriority,4000,10,JointFlowCuts,False,5358.0,0.011571481896229937,0.0,41.5569,8.301499999999999,20291,37448,1269,104
knapsack_n125m10o1b5_3.txt,SOC Knapsack,125,RelaxPriority,4000,10,JointFlowCuts,False,5096.0,0.013932496075353218,0.0,6.7963,8.4354,18607,34538,1455,42
knapsack_n125m10o1b5_4.txt,SOC Knapsack,125,RelaxPriority,4000,10,JointFlowCuts,False,5147.0,0.012434427822032253,0.0,8.289,8.911200000000001,19303,35940,1061,66
knapsack_n125m10o3b5_0.txt,SOC Knapsack,125,RelaxPriority,4000,10,JointFlowCuts,False,5058.0,0.013444049031237644,0.0,10.1704,6.8475,20939,37981,916,109
knapsack_n125m10o3b5_1.txt,SOC Knapsack,125,RelaxPriority,4000,10,JointFlowCuts,False,5294.0,0.008122402720060446,0.0,9.884,8.0792,20962,38432,489,165
knapsack_n100m20o5b5_4.txt,SOC Knapsack,100,RelaxPriority,4000,20,JointFlowCuts,False,3379.0,0.03669724770642202,0.0,108.1815,11.0427,29718,54743,9595,393
knapsack_n125m10o3b5_3.txt,SOC Knapsack,125,RelaxPriority,4000,10,JointFlowCuts,False,4986.0,0.012434817488969114,0.0,8.0305,8.338,19455,35648,629,90
knapsack_n125m10o3b5_2.txt,SOC Knapsack,125,RelaxPriority,4000,10,JointFlowCuts,False,5107.0,0.010769532014881535,0.0,28.948,7.3088,20752,37754,638,107
knapsack_n125m10o3b5_4.txt,SOC Knapsack,125,RelaxPriority,4000,10,JointFlowCuts,False,5053.0,0.018800712448050663,0.0,20.3633,7.8011,20341,37683,4746,57
knapsack_n125m10o5b5_0.txt,SOC Knapsack,125,RelaxPriority,4000,10,JointFlowCuts,False,5010.0,0.006187624750499002,0.0,11.8071,6.3225,19852,35813,387,179
knapsack_n100m20o5b5_3.txt,SOC Knapsack,100,RelaxPriority,4000,20,JointFlowCuts,False,3380.0,0.03106508875739645,0.0,146.4396,10.6736,30245,55126,12267,429
knapsack_n125m10o5b5_1.txt,SOC Knapsack,125,RelaxPriority,4000,10,JointFlowCuts,False,5242.0,0.007058374666157955,0.0,15.7995,7.4914000000000005,20650,37676,370,196
knapsack_n125m10o5b5_3.txt,SOC Knapsack,125,RelaxPriority,4000,10,JointFlowCuts,False,4853.0,0.017514939212858027,0.0,18.9559,8.2685,20080,36482,2200,146
knapsack_n125m10o5b5_2.txt,SOC Knapsack,125,RelaxPriority,4000,10,JointFlowCuts,False,5020.0,0.014940239043824702,0.0,27.5033,6.797,20511,37092,2027,161
knapsack_n125m10o5b5_4.txt,SOC Knapsack,125,RelaxPriority,4000,10,JointFlowCuts,False,4995.0,0.01941941941941942,0.0,16.391,7.4333,18949,34839,3276,82
knapsack_n125m20o1b5_4.txt,SOC Knapsack,125,RelaxPriority,4000,20,JointFlowCuts,False,4470.0,0.01901565995525727,0.0,71.4148,19.587699999999998,37898,70132,4722,195
knapsack_n125m20o1b5_3.txt,SOC Knapsack,125,RelaxPriority,4000,20,JointFlowCuts,False,4580.0,0.02074235807860262,0.0,120.349,20.2265,39833,73436,10519,137
knapsack_n125m20o1b5_2.txt,SOC Knapsack,125,RelaxPriority,4000,20,JointFlowCuts,False,4617.0,0.02187567684643708,0.0,214.6296,19.1571,35474,66040,18145,150
knapsack_n125m20o1b5_0.txt,SOC Knapsack,125,RelaxPriority,4000,20,JointFlowCuts,False,4386.0,0.02667578659370725,0.0,796.0955,18.6686,38333,71241,59642,172
knapsack_n125m20o3b5_0.txt,SOC Knapsack,125,RelaxPriority,4000,20,JointFlowCuts,False,4208.0,0.03255703422053232,0.0,1044.9328,18.4211,39704,72947,72124,204
knapsack_n125m20o3b5_2.txt,SOC Knapsack,125,RelaxPriority,4000,20,JointFlowCuts,False,4400.0,0.03068181818181818,0.0,980.9499,17.9034,36275,66846,70443,210
knapsack_n125m20o3b5_4.txt,SOC Knapsack,125,RelaxPriority,4000,20,JointFlowCuts,False,4268.0,0.027413308341143392,0.0,79.5305,18.2924,38353,70182,8798,259
knapsack_n125m20o3b5_3.txt,SOC Knapsack,125,RelaxPriority,4000,20,JointFlowCuts,False,4435.0,0.029312288613303268,0.0,614.0912,18.9458,39808,72738,55451,210
knapsack_n125m20o5b5_2.txt,SOC Knapsack,125,RelaxPriority,4000,20,JointFlowCuts,False,4262.0,0.034960112623181605,0.0,353.7052,17.5042,36634,67224,33739,310
knapsack_n125m20o1b5_1.txt,SOC Knapsack,125,RelaxPriority,4000,20,JointFlowCuts,False,4714.0,0.02927450148493848,0.0,2459.2938,18.968700000000002,36814,68505,162460,131
knapsack_n125m20o5b5_0.txt,SOC Knapsack,125,RelaxPriority,4000,20,JointFlowCuts,False,4066.0,0.039350713231677326,0.0,1326.8689,17.9526,38313,70002,96780,313
knapsack_n150m10o1b5_0.txt,SOC Knapsack,150,RelaxPriority,4000,10,JointFlowCuts,False,6139.0,0.01205408046913178,0.0,10.6759,12.3192,24290,44793,421,39
knapsack_n150m10o1b5_1.txt,SOC Knapsack,150,RelaxPriority,4000,10,JointFlowCuts,False,5985.0,0.008688387635756056,0.0,15.4972,11.8161,18953,35266,455,34
knapsack_n150m10o1b5_2.txt,SOC Knapsack,150,RelaxPriority,4000,10,JointFlowCuts,False,6045.0,0.009594706368899917,0.0,7.742,11.910300000000001,21915,40104,1607,40
knapsack_n150m10o1b5_3.txt,SOC Knapsack,150,RelaxPriority,4000,10,JointFlowCuts,False,6102.0,0.011143887250081941,0.0,7.8152,11.0111,22646,41692,1092,43
knapsack_n150m10o1b5_4.txt,SOC Knapsack,150,RelaxPriority,4000,10,JointFlowCuts,False,6435.0,0.010256410256410256,0.0,28.3522,11.9934,26123,48137,981,65
knapsack_n150m10o3b5_0.txt,SOC Knapsack,150,RelaxPriority,4000,10,JointFlowCuts,False,5977.0,0.015559645307010206,0.0,8.4313,11.3962,25033,45705,732,49
knapsack_n125m20o5b5_4.txt,SOC Knapsack,125,RelaxPriority,4000,20,JointFlowCuts,False,4090.0,0.039853300733496334,0.0,301.512,16.4401,38145,69355,36596,295
knapsack_n150m10o3b5_2.txt,SOC Knapsack,150,RelaxPriority,4000,10,JointFlowCuts,False,5929.0,0.012481025468038455,0.0,18.8846,10.7536,23128,41655,3883,36
knapsack_n150m10o3b5_1.txt,SOC Knapsack,150,RelaxPriority,4000,10,JointFlowCuts,False,5775.0,0.015064935064935066,0.0,43.7297,10.6063,19482,36021,2168,117
knapsack_n150m10o3b5_3.txt,SOC Knapsack,150,RelaxPriority,4000,10,JointFlowCuts,False,6017.0,0.008808376267242813,0.0,33.626,10.2772,24101,43848,789,125
knapsack_n150m10o5b5_0.txt,SOC Knapsack,150,RelaxPriority,4000,10,JointFlowCuts,False,5848.0,0.022400820793433654,0.0,38.5577,10.638300000000001,25380,45805,4376,81
knapsack_n150m10o3b5_4.txt,SOC Knapsack,150,RelaxPriority,4000,10,JointFlowCuts,False,6220.0,0.019614147909967846,0.0,81.7661,11.897,27876,50877,22150,97
knapsack_n150m10o5b5_2.txt,SOC Knapsack,150,RelaxPriority,4000,10,JointFlowCuts,False,5857.0,0.01639064367423596,0.0,48.5344,10.4928,23681,42556,4234,46
knapsack_n150m10o5b5_1.txt,SOC Knapsack,150,RelaxPriority,4000,10,JointFlowCuts,False,5619.0,0.023135789286349885,0.0,90.3127,9.7216,19354,35533,12657,168
knapsack_n150m10o5b5_3.txt,SOC Knapsack,150,RelaxPriority,4000,10,JointFlowCuts,False,5898.0,0.015428958969142082,0.0,39.7526,9.597,24958,44784,2368,116
knapsack_n150m10o5b5_4.txt,SOC Knapsack,150,RelaxPriority,4000,10,JointFlowCuts,False,6121.0,0.019604639764744324,0.0,58.4707,10.2393,28167,50837,6874,189
knapsack_n125m20o5b5_1.txt,SOC Knapsack,125,RelaxPriority,4000,20,JointFlowCuts,False,4362.0,0.04287024300779459,0.0,1911.4964,17.9527,40347,73830,123038,247
knapsack_n125m20o3b5_1.txt,SOC Knapsack,125,RelaxPriority,4000,20,JointFlowCuts,False,4501.0,0.03510331037547212,0.0,3067.7013,18.3919,39074,72040,218866,238
knapsack_n150m20o1b5_1.txt,SOC Knapsack,150,RelaxPriority,4000,20,JointFlowCuts,False,5626.0,0.01741912548880199,0.0,170.1628,24.7286,41434,76966,12473,136
knapsack_n125m20o5b5_3.txt,SOC Knapsack,125,RelaxPriority,4000,20,JointFlowCuts,False,4307.0,0.038309728349198977,0.0,1573.9031,18.2968,37532,68133,93738,208
knapsack_n150m20o1b5_3.txt,SOC Knapsack,150,RelaxPriority,4000,20,JointFlowCuts,False,5627.0,0.021858894615247912,0.0,301.6183,26.5808,44111,81304,21115,64
knapsack_n150m20o1b5_0.txt,SOC Knapsack,150,RelaxPriority,4000,20,JointFlowCuts,False,5840.0,0.01986301369863014,0.0,1165.4779,26.6349,46826,85963,66224,86
knapsack_n150m20o3b5_1.txt,SOC Knapsack,150,RelaxPriority,4000,20,JointFlowCuts,False,5437.0,0.026117344123597574,0.0,802.359,22.7496,42715,78481,67950,183
knapsack_n150m20o1b5_4.txt,SOC Knapsack,150,RelaxPriority,4000,20,JointFlowCuts,False,5755.0,0.020677671589921807,0.0,1232.8947,27.2957,48558,89073,79218,75
knapsack_n150m20o3b5_3.txt,SOC Knapsack,150,RelaxPriority,4000,20,JointFlowCuts,False,5465.0,0.025983531564501373,0.0,449.4926,24.5234,45808,83690,34819,162
knapsack_n150m20o1b5_2.txt,SOC Knapsack,150,RelaxPriority,4000,20,JointFlowCuts,False,5474.0,0.027950310559006212,0.0076726342710997444,3601.4359,27.076999999999998,44186,81481,143801,95
knapsack_n150m20o3b5_0.txt,SOC Knapsack,150,RelaxPriority,4000,20,JointFlowCuts,False,5610.0,0.035115864527629236,0.006773618538324421,3601.1323,24.8842,47347,86034,208152,150
knapsack_n150m20o3b5_2.txt,SOC Knapsack,150,RelaxPriority,4000,20,JointFlowCuts,False,5277.0,0.03411028993746447,0.0045480386583285955,3601.4736,24.9162,45214,82803,211089,199
knapsack_n150m20o3b5_4.txt,SOC Knapsack,150,RelaxPriority,4000,20,JointFlowCuts,False,5568.0,0.03125,0.005387931034482759,3601.6364,26.7626,51321,92671,192647,152
knapsack_n150m20o5b5_0.txt,SOC Knapsack,150,RelaxPriority,4000,20,JointFlowCuts,False,5495.0,0.03712465878070974,0.0,3580.0726,23.5417,47503,85856,184918,279
knapsack_n150m20o5b5_3.txt,SOC Knapsack,150,RelaxPriority,4000,20,JointFlowCuts,False,5317.0,0.03272522098927967,0.0,1422.8581,21.8553,45689,83131,83252,282
knapsack_n150m20o5b5_2.txt,SOC Knapsack,150,RelaxPriority,4000,20,JointFlowCuts,False,5138.0,0.039898793304787857,0.0,3019.1017,23.314,44837,81646,204175,306
knapsack_n150m20o5b5_1.txt,SOC Knapsack,150,RelaxPriority,4000,20,JointFlowCuts,False,5285.0,0.03897824030274361,0.0,3454.7652,22.5858,43842,79924,202835,250
knapsack_n150m20o5b5_4.txt,SOC Knapsack,150,RelaxPriority,4000,20,JointFlowCuts,False,5455.0,0.032080659945004586,0.0,2270.8572,24.3308,50701,90817,141015,253
knapsack_n100m10o1b5_0.txt,SOC Knapsack,100,RelaxPriority,4000,10,JointFlowCuts,True,3911.0,0.0063922270519048835,0.0,2.6903,4.8873,13230,24512,215,57
knapsack_n100m10o1b5_4.txt,SOC Knapsack,100,RelaxPriority,4000,10,JointFlowCuts,True,3861.0,0.008288008288008289,0.0,5.6148,4.534,16485,30509,249,74
knapsack_n100m10o1b5_3.txt,SOC Knapsack,100,RelaxPriority,4000,10,JointFlowCuts,True,4231.0,0.009690380524698653,0.0,12.5841,5.004700000000001,12755,23677,715,81
knapsack_n100m10o1b5_1.txt,SOC Knapsack,100,RelaxPriority,4000,10,JointFlowCuts,True,4344.0,0.018646408839779006,0.0,15.9477,5.2116,14772,27796,1111,54
knapsack_n100m10o3b5_1.txt,SOC Knapsack,100,RelaxPriority,4000,10,JointFlowCuts,True,4253.0,0.017399482718081356,0.0,9.7352,4.0468,15240,28298,1149,128
knapsack_n100m10o1b5_2.txt,SOC Knapsack,100,RelaxPriority,4000,10,JointFlowCuts,True,3743.0,0.012823938017632914,0.0,25.502,5.5661,16135,30073,896,33
knapsack_n100m10o3b5_0.txt,SOC Knapsack,100,RelaxPriority,4000,10,JointFlowCuts,True,3820.0,0.011518324607329843,0.0,17.5024,4.3732,13814,25289,646,71
knapsack_n100m10o3b5_3.txt,SOC Knapsack,100,RelaxPriority,4000,10,JointFlowCuts,True,4114.0,0.013612056392805057,0.0,9.1443,4.4338999999999995,13742,25083,1470,84
knapsack_n100m10o3b5_4.txt,SOC Knapsack,100,RelaxPriority,4000,10,JointFlowCuts,True,3806.0,0.008933263268523384,0.0,5.9833,3.9773,17153,31388,171,81
knapsack_n100m10o5b5_0.txt,SOC Knapsack,100,RelaxPriority,4000,10,JointFlowCuts,True,3787.0,0.013731185635067335,0.0,5.0313,4.2805,12556,22796,488,105
knapsack_n100m10o3b5_2.txt,SOC Knapsack,100,RelaxPriority,4000,10,JointFlowCuts,True,3609.0,0.01690218897201441,0.0,23.0065,4.7212,15545,28628,989,72
knapsack_n100m10o5b5_1.txt,SOC Knapsack,100,RelaxPriority,4000,10,JointFlowCuts,True,4189.0,0.016471711625686322,0.0,18.7975,3.8807,13985,25898,897,141
knapsack_n100m10o5b5_4.txt,SOC Knapsack,100,RelaxPriority,4000,10,JointFlowCuts,True,3766.0,0.007434944237918215,0.0,6.6388,3.5199000000000003,16865,30493,141,101
knapsack_n100m10o5b5_2.txt,SOC Knapsack,100,RelaxPriority,4000,10,JointFlowCuts,True,3511.0,0.018798063229849046,0.0,20.9585,4.881,14201,26000,1068,99
knapsack_n100m20o1b5_0.txt,SOC Knapsack,100,RelaxPriority,4000,20,JointFlowCuts,True,3360.0,0.022321428571428572,0.0,21.122,12.9596,31488,58853,2199,112
knapsack_n100m10o5b5_3.txt,SOC Knapsack,100,RelaxPriority,4000,10,JointFlowCuts,True,4015.0,0.01768368617683686,0.0,41.1976,4.107,13670,24784,1594,133
knapsack_n100m20o1b5_1.txt,SOC Knapsack,100,RelaxPriority,4000,20,JointFlowCuts,True,3255.0,0.01935483870967742,0.0,41.3196,13.7549,29841,55816,745,71
knapsack_n100m20o1b5_2.txt,SOC Knapsack,100,RelaxPriority,4000,20,JointFlowCuts,True,3539.0,0.014410850522746538,0.0,47.6623,11.8523,29469,54250,1320,137
knapsack_n100m20o1b5_3.txt,SOC Knapsack,100,RelaxPriority,4000,20,JointFlowCuts,True,3692.0,0.02248104008667389,0.0,41.6867,12.5689,30649,57220,3384,165
knapsack_n100m20o1b5_4.txt,SOC Knapsack,100,RelaxPriority,4000,20,JointFlowCuts,True,3633.0,0.018992568125516102,0.0,44.5459,12.9345,31339,58534,3393,89
knapsack_n100m20o3b5_0.txt,SOC Knapsack,100,RelaxPriority,4000,20,JointFlowCuts,True,3193.0,0.03319761979329784,0.0,47.1298,12.2309,32310,59615,6405,208
knapsack_n100m20o3b5_1.txt,SOC Knapsack,100,RelaxPriority,4000,20,JointFlowCuts,True,3124.0,0.027208706786171575,0.0,23.5924,13.210799999999999,30392,56293,2542,147
knapsack_n100m20o3b5_2.txt,SOC Knapsack,100,RelaxPriority,4000,20,JointFlowCuts,True,3359.0,0.023518904435844,0.0,40.4414,11.0755,30192,54920,5402,259
knapsack_n100m20o3b5_3.txt,SOC Knapsack,100,RelaxPriority,4000,20,JointFlowCuts,True,3514.0,0.02703471826977803,0.0,68.8265,12.0378,31992,58879,8191,223
knapsack_n100m20o3b5_4.txt,SOC Knapsack,100,RelaxPriority,4000,20,JointFlowCuts,True,3485.0,0.03185078909612626,0.0,50.1496,12.4435,31283,58109,6755,179
knapsack_n100m20o5b5_1.txt,SOC Knapsack,100,RelaxPriority,4000,20,JointFlowCuts,True,3029.0,0.023109937273027403,0.0,63.1662,12.5779,29984,55183,1392,166
knapsack_n100m20o5b5_0.txt,SOC Knapsack,100,RelaxPriority,4000,20,JointFlowCuts,True,3071.0,0.030934549006838164,0.0,70.6066,11.2835,30895,56580,10008,375
knapsack_n125m10o1b5_0.txt,SOC Knapsack,125,RelaxPriority,4000,10,JointFlowCuts,True,5206.0,0.004802151363810988,0.0,4.0499,7.2989999999999995,19888,36673,351,42
knapsack_n125m10o1b5_1.txt,SOC Knapsack,125,RelaxPriority,4000,10,JointFlowCuts,True,5358.0,0.011758118701007838,0.0,25.5852,8.7654,20291,37448,1102,76
knapsack_n125m10o1b5_2.txt,SOC Knapsack,125,RelaxPriority,4000,10,JointFlowCuts,True,5231.0,0.009749569871917415,0.0,18.1135,8.1142,20788,38086,588,40
knapsack_n100m20o5b5_2.txt,SOC Knapsack,100,RelaxPriority,4000,20,JointFlowCuts,True,3240.0,0.02962962962962963,0.0,97.5238,10.5405,29495,53058,8359,215
knapsack_n125m10o1b5_3.txt,SOC Knapsack,125,RelaxPriority,4000,10,JointFlowCuts,True,5096.0,0.013343799058084773,0.0,5.1281,8.774,18607,34538,924,27
knapsack_n125m10o1b5_4.txt,SOC Knapsack,125,RelaxPriority,4000,10,JointFlowCuts,True,5147.0,0.012434427822032253,0.0,7.9364,9.0174,19303,35940,1212,60
knapsack_n100m20o5b5_3.txt,SOC Knapsack,100,RelaxPriority,4000,20,JointFlowCuts,True,3380.0,0.031360946745562134,0.0,84.9958,11.3644,30245,55126,6826,342
knapsack_n125m10o3b5_0.txt,SOC Knapsack,125,RelaxPriority,4000,10,JointFlowCuts,True,5058.0,0.013641755634638196,0.0,11.1336,6.986,20939,37981,1085,74
knapsack_n125m10o3b5_1.txt,SOC Knapsack,125,RelaxPriority,4000,10,JointFlowCuts,True,5294.0,0.008122402720060446,0.0,5.8629,8.252699999999999,20962,38432,622,67
knapsack_n100m20o5b5_4.txt,SOC Knapsack,100,RelaxPriority,4000,20,JointFlowCuts,True,3379.0,0.03699319325244155,0.0,86.2962,11.6109,29718,54743,11507,313
knapsack_n125m10o5b5_0.txt,SOC Knapsack,125,RelaxPriority,4000,10,JointFlowCuts,True,5010.0,0.006187624750499002,0.0,8.1394,6.8697,19852,35813,254,93
knapsack_n125m10o5b5_1.txt,SOC Knapsack,125,RelaxPriority,4000,10,JointFlowCuts,True,5242.0,0.0064860740175505536,0.0,7.1403,8.0421,20650,37676,182,81
knapsack_n125m10o3b5_3.txt,SOC Knapsack,125,RelaxPriority,4000,10,JointFlowCuts,True,4986.0,0.01263537906137184,0.0,12.7019,8.7423,19455,35648,420,55
knapsack_n125m10o3b5_2.txt,SOC Knapsack,125,RelaxPriority,4000,10,JointFlowCuts,True,5107.0,0.011161151360877227,0.0,20.4159,7.5158000000000005,20752,37754,554,73
knapsack_n125m10o3b5_4.txt,SOC Knapsack,125,RelaxPriority,4000,10,JointFlowCuts,True,5053.0,0.018998614684345935,0.0,23.553,7.9628,20341,37683,6618,35
knapsack_n125m10o5b5_2.txt,SOC Knapsack,125,RelaxPriority,4000,10,JointFlowCuts,True,5020.0,0.014940239043824702,0.0,29.8546,7.0811,20511,37092,1994,59
knapsack_n125m10o5b5_3.txt,SOC Knapsack,125,RelaxPriority,4000,10,JointFlowCuts,True,4853.0,0.017720997321244592,0.0,39.0243,8.578199999999999,20080,36482,1699,78
knapsack_n125m10o5b5_4.txt,SOC Knapsack,125,RelaxPriority,4000,10,JointFlowCuts,True,4995.0,0.01941941941941942,0.0,45.7714,7.7692,18949,34839,2020,68
knapsack_n125m20o1b5_4.txt,SOC Knapsack,125,RelaxPriority,4000,20,JointFlowCuts,True,4470.0,0.01879194630872483,0.0,79.5835,19.7755,37898,70132,7698,111
knapsack_n125m20o1b5_3.txt,SOC Knapsack,125,RelaxPriority,4000,20,JointFlowCuts,True,4580.0,0.02074235807860262,0.0,185.7382,20.2012,39833,73436,21181,92
knapsack_n125m20o1b5_2.txt,SOC Knapsack,125,RelaxPriority,4000,20,JointFlowCuts,True,4617.0,0.02187567684643708,0.0,219.188,18.8788,35474,66040,19613,94
knapsack_n125m20o3b5_0.txt,SOC Knapsack,125,RelaxPriority,4000,20,JointFlowCuts,True,4208.0,0.03255703422053232,0.0,577.0003,18.5159,39704,72947,53281,154
knapsack_n125m20o1b5_0.txt,SOC Knapsack,125,RelaxPriority,4000,20,JointFlowCuts,True,4386.0,0.02667578659370725,0.0,890.9418,19.213,38333,71241,62861,132
knapsack_n125m20o3b5_4.txt,SOC Knapsack,125,RelaxPriority,4000,20,JointFlowCuts,True,4268.0,0.027647610121836926,0.0,118.8126,18.3487,38353,70182,15062,160
knapsack_n125m20o3b5_3.txt,SOC Knapsack,125,RelaxPriority,4000,20,JointFlowCuts,True,4435.0,0.029312288613303268,0.0,397.8952,19.0289,39808,72738,33768,128
knapsack_n125m20o3b5_2.txt,SOC Knapsack,125,RelaxPriority,4000,20,JointFlowCuts,True,4400.0,0.030454545454545453,0.0,914.2098,18.2211,36275,66846,77334,137
knapsack_n125m20o1b5_1.txt,SOC Knapsack,125,RelaxPriority,4000,20,JointFlowCuts,True,4714.0,0.02927450148493848,0.0,1481.767,19.3362,36814,68505,105934,111
knapsack_n125m20o5b5_2.txt,SOC Knapsack,125,RelaxPriority,4000,20,JointFlowCuts,True,4262.0,0.034960112623181605,0.0,334.0369,17.9611,36634,67224,32642,220
knapsack_n125m20o5b5_4.txt,SOC Knapsack,125,RelaxPriority,4000,20,JointFlowCuts,True,4090.0,0.03960880195599022,0.0,356.6942,16.2718,38145,69355,34884,206
knapsack_n150m10o1b5_0.txt,SOC Knapsack,150,RelaxPriority,4000,10,JointFlowCuts,True,6139.0,0.01205408046913178,0.0,6.6121,12.332,24290,44793,512,31
knapsack_n150m10o1b5_1.txt,SOC Knapsack,150,RelaxPriority,4000,10,JointFlowCuts,True,5985.0,0.00835421888053467,0.0,8.5983,12.0059,18953,35266,458,23
knapsack_n150m10o1b5_2.txt,SOC Knapsack,150,RelaxPriority,4000,10,JointFlowCuts,True,6045.0,0.009760132340777503,0.0,10.5533,12.0442,21915,40104,1685,32
knapsack_n125m20o5b5_0.txt,SOC Knapsack,125,RelaxPriority,4000,20,JointFlowCuts,True,4066.0,0.03959665518937531,0.0,972.9354,18.3826,38313,70002,80616,251
knapsack_n150m10o1b5_3.txt,SOC Knapsack,150,RelaxPriority,4000,10,JointFlowCuts,True,6102.0,0.010980006555227795,0.0,20.8912,11.2905,22646,41692,930,20
knapsack_n150m10o3b5_0.txt,SOC Knapsack,150,RelaxPriority,4000,10,JointFlowCuts,True,5977.0,0.015057721264848587,0.0,6.7936,11.227,25033,45705,848,37
knapsack_n150m10o1b5_4.txt,SOC Knapsack,150,RelaxPriority,4000,10,JointFlowCuts,True,6435.0,0.010256410256410256,0.0,34.7823,11.7249,26123,48137,968,54
knapsack_n150m10o3b5_2.txt,SOC Knapsack,150,RelaxPriority,4000,10,JointFlowCuts,True,5929.0,0.011806375442739079,0.0,16.5139,10.9754,23128,41655,2763,32
knapsack_n125m20o5b5_1.txt,SOC Knapsack,125,RelaxPriority,4000,20,JointFlowCuts,True,4362.0,0.04264099037138927,0.0,935.9679,18.7362,40347,73830,68834,187
knapsack_n150m10o3b5_1.txt,SOC Knapsack,150,RelaxPriority,4000,10,JointFlowCuts,True,5775.0,0.014891774891774892,0.0,52.9618,10.6649,19482,36021,3622,59
knapsack_n150m10o3b5_3.txt,SOC Knapsack,150,RelaxPriority,4000,10,JointFlowCuts,True,6017.0,0.008974572045870035,0.0,21.3838,10.1275,24101,43848,677,45
knapsack_n150m10o5b5_0.txt,SOC Knapsack,150,RelaxPriority,4000,10,JointFlowCuts,True,5848.0,0.02222982216142271,0.0,33.7485,10.2955,25380,45805,1505,51
knapsack_n150m10o5b5_1.txt,SOC Knapsack,150,RelaxPriority,4000,10,JointFlowCuts,True,5619.0,0.022779854066559885,0.0,65.9212,9.4482,19354,35533,9617,118
knapsack_n150m10o3b5_4.txt,SOC Knapsack,150,RelaxPriority,4000,10,JointFlowCuts,True,6220.0,0.01977491961414791,0.0,108.6899,11.6225,27876,50877,27515,78
knapsack_n150m10o5b5_2.txt,SOC Knapsack,150,RelaxPriority,4000,10,JointFlowCuts,True,5857.0,0.01639064367423596,0.0,50.8781,10.120800000000001,23681,42556,4748,40
knapsack_n150m10o5b5_3.txt,SOC Knapsack,150,RelaxPriority,4000,10,JointFlowCuts,True,5898.0,0.015428958969142082,0.0,35.3409,9.3766,24958,44784,1050,65
knapsack_n150m10o5b5_4.txt,SOC Knapsack,150,RelaxPriority,4000,10,JointFlowCuts,True,6121.0,0.019441267766704788,0.0,39.7466,10.3494,28167,50837,6471,185
knapsack_n150m20o1b5_1.txt,SOC Knapsack,150,RelaxPriority,4000,20,JointFlowCuts,True,5626.0,0.017241379310344827,0.0,351.824,24.5486,41434,76966,22134,86
knapsack_n125m20o5b5_3.txt,SOC Knapsack,125,RelaxPriority,4000,20,JointFlowCuts,True,4307.0,0.038774088692825635,0.0,1192.0103,18.7172,37532,68133,82302,141
knapsack_n150m20o1b5_3.txt,SOC Knapsack,150,RelaxPriority,4000,20,JointFlowCuts,True,5627.0,0.021858894615247912,0.0,273.5264,27.1298,44111,81304,20132,48
knapsack_n150m20o1b5_0.txt,SOC Knapsack,150,RelaxPriority,4000,20,JointFlowCuts,True,5840.0,0.019691780821917807,0.0,818.4844,26.157600000000002,46826,85963,50691,50
knapsack_n150m20o1b5_4.txt,SOC Knapsack,150,RelaxPriority,4000,20,JointFlowCuts,True,5755.0,0.020330147697654215,0.0,912.3125,27.6068,48558,89073,55990,55
knapsack_n150m20o3b5_1.txt,SOC Knapsack,150,RelaxPriority,4000,20,JointFlowCuts,True,5437.0,0.026117344123597574,0.0,604.4041,23.0241,42715,78481,62909,142
knapsack_n125m20o3b5_1.txt,SOC Knapsack,125,RelaxPriority,4000,20,JointFlowCuts,True,4501.0,0.03532548322594979,0.0,3486.1225,18.445700000000002,39074,72040,233568,124
knapsack_n150m20o3b5_3.txt,SOC Knapsack,150,RelaxPriority,4000,20,JointFlowCuts,True,5465.0,0.02616651418115279,0.0,381.9999,24.8214,45808,83690,34474,96
knapsack_n150m20o1b5_2.txt,SOC Knapsack,150,RelaxPriority,4000,20,JointFlowCuts,True,5485.0,0.025888787602552414,0.0040109389243391065,3601.4349,27.1098,44186,81481,149969,57
knapsack_n150m20o3b5_0.txt,SOC Knapsack,150,RelaxPriority,4000,20,JointFlowCuts,True,5610.0,0.035115864527629236,0.006951871657754011,3601.1547,25.557100000000002,47347,86034,159607,131
knapsack_n150m20o5b5_0.txt,SOC Knapsack,150,RelaxPriority,4000,20,JointFlowCuts,True,5495.0,0.0373066424021838,0.0,2642.762,24.2597,47503,85856,132050,217
knapsack_n150m20o3b5_2.txt,SOC Knapsack,150,RelaxPriority,4000,20,JointFlowCuts,True,5277.0,0.033352283494409704,0.004169035436801213,3601.4449,25.083,45214,82803,170342,127
knapsack_n150m20o3b5_4.txt,SOC Knapsack,150,RelaxPriority,4000,20,JointFlowCuts,True,5567.0,0.031435243398598885,0.00431111909466499,3601.6074,26.897,51321,92671,156724,90
knapsack_n150m20o5b5_3.txt,SOC Knapsack,150,RelaxPriority,4000,20,JointFlowCuts,True,5317.0,0.03253714500658266,0.0,1495.6278,22.1218,45689,83131,100889,185
knapsack_n150m20o5b5_2.txt,SOC Knapsack,150,RelaxPriority,4000,20,JointFlowCuts,True,5138.0,0.039898793304787857,0.0,2058.1297,23.274,44837,81646,134604,218
knapsack_n150m20o5b5_4.txt,SOC Knapsack,150,RelaxPriority,4000,20,JointFlowCuts,True,5455.0,0.032630614115490376,0.0,1974.4454,24.952199999999998,50701,90817,114684,147
knapsack_n150m20o5b5_1.txt,SOC Knapsack,150,RelaxPriority,4000,20,JointFlowCuts,True,5285.0,0.03954588457899716,0.003973509933774834,3601.369,22.4581,43842,79924,338530,171
knapsack_n100m10o1b5_0.txt,SOC Knapsack,100,RelaxPriority,4000,10,TargetCuts,False,3911.0,0.0063922270519048835,0.0,2.8946,4.9074,13230,24512,179,55
knapsack_n100m10o1b5_4.txt,SOC Knapsack,100,RelaxPriority,4000,10,TargetCuts,False,3861.0,0.008288008288008289,0.0,3.2339,4.566,16485,30509,203,47
knapsack_n100m10o1b5_3.txt,SOC Knapsack,100,RelaxPriority,4000,10,TargetCuts,False,4231.0,0.009454029780193808,0.0,11.9623,5.1669,12755,23677,731,64
knapsack_n100m10o1b5_2.txt,SOC Knapsack,100,RelaxPriority,4000,10,TargetCuts,False,3743.0,0.012823938017632914,0.0,17.3825,5.5772,16135,30073,706,35
knapsack_n100m10o3b5_1.txt,SOC Knapsack,100,RelaxPriority,4000,10,TargetCuts,False,4253.0,0.01786973900775923,0.0,7.4964,4.1298,15240,28298,645,95
knapsack_n100m10o1b5_1.txt,SOC Knapsack,100,RelaxPriority,4000,10,TargetCuts,False,4344.0,0.018876611418047883,0.0,22.4338,5.2465,14772,27796,1023,60
knapsack_n100m10o3b5_0.txt,SOC Knapsack,100,RelaxPriority,4000,10,TargetCuts,False,3820.0,0.012565445026178011,0.0,15.2233,4.4658,13814,25289,759,51
knapsack_n100m10o3b5_2.txt,SOC Knapsack,100,RelaxPriority,4000,10,TargetCuts,False,3609.0,0.01690218897201441,0.0,6.8264,4.7046,15545,28628,738,65
knapsack_n100m10o3b5_4.txt,SOC Knapsack,100,RelaxPriority,4000,10,TargetCuts,False,3806.0,0.010772464529689963,0.0,2.8341,4.0762,17153,31388,291,44
knapsack_n100m10o3b5_3.txt,SOC Knapsack,100,RelaxPriority,4000,10,TargetCuts,False,4114.0,0.012882839086047641,0.0,7.109,4.5127,13742,25083,1017,57
knapsack_n100m10o5b5_0.txt,SOC Knapsack,100,RelaxPriority,4000,10,TargetCuts,False,3787.0,0.014259308159493002,0.0,3.7991,4.2055,12556,22796,422,91
knapsack_n100m10o5b5_4.txt,SOC Knapsack,100,RelaxPriority,4000,10,TargetCuts,False,3766.0,0.0026553372278279343,0.0,7.8093,3.6201000000000003,16865,30493,16,119
knapsack_n100m10o5b5_1.txt,SOC Knapsack,100,RelaxPriority,4000,10,TargetCuts,False,4189.0,0.01623299116734304,0.0,22.431,3.8281,13985,25898,840,93
knapsack_n100m10o5b5_2.txt,SOC Knapsack,100,RelaxPriority,4000,10,TargetCuts,False,3511.0,0.019652520649387637,0.0,20.932,4.9183,14201,26000,1467,61
knapsack_n100m10o5b5_3.txt,SOC Knapsack,100,RelaxPriority,4000,10,TargetCuts,False,4015.0,0.01594022415940224,0.0,21.7684,4.12,13670,24784,1299,91
knapsack_n100m20o1b5_0.txt,SOC Knapsack,100,RelaxPriority,4000,20,TargetCuts,False,3360.0,0.022321428571428572,0.0,28.4429,12.8668,31488,58853,2078,103
knapsack_n100m20o1b5_4.txt,SOC Knapsack,100,RelaxPriority,4000,20,TargetCuts,False,3633.0,0.018717313515001378,0.0,29.248,13.4,31339,58534,3217,81
knapsack_n100m20o1b5_1.txt,SOC Knapsack,100,RelaxPriority,4000,20,TargetCuts,False,3255.0,0.018740399385560675,0.0,40.4476,13.498800000000001,29841,55816,969,68
knapsack_n100m20o1b5_2.txt,SOC Knapsack,100,RelaxPriority,4000,20,TargetCuts,False,3539.0,0.014410850522746538,0.0,45.3354,12.2403,29469,54250,1287,117
knapsack_n100m20o1b5_3.txt,SOC Knapsack,100,RelaxPriority,4000,20,TargetCuts,False,3692.0,0.02275189599133261,0.0,48.1322,12.7854,30649,57220,4095,115
knapsack_n100m20o3b5_1.txt,SOC Knapsack,100,RelaxPriority,4000,20,TargetCuts,False,3124.0,0.026248399487836107,0.0,24.2223,13.3471,30392,56293,2699,102
knapsack_n100m20o3b5_0.txt,SOC Knapsack,100,RelaxPriority,4000,20,TargetCuts,False,3193.0,0.03382398997807704,0.0,55.3124,12.122399999999999,32310,59615,6917,161
knapsack_n100m20o3b5_2.txt,SOC Knapsack,100,RelaxPriority,4000,20,TargetCuts,False,3359.0,0.023518904435844,0.0,31.7565,11.0184,30192,54920,4291,142
knapsack_n100m20o3b5_4.txt,SOC Knapsack,100,RelaxPriority,4000,20,TargetCuts,False,3485.0,0.03185078909612626,0.0,54.9433,12.6309,31283,58109,5550,156
knapsack_n100m20o3b5_3.txt,SOC Knapsack,100,RelaxPriority,4000,20,TargetCuts,False,3514.0,0.02731929425156517,0.0,60.9025,11.9067,31992,58879,8120,148
knapsack_n100m20o5b5_1.txt,SOC Knapsack,100,RelaxPriority,4000,20,TargetCuts,False,3029.0,0.02344007923407065,0.0,66.0748,12.55,29984,55183,1642,116
knapsack_n125m10o1b5_0.txt,SOC Knapsack,125,RelaxPriority,4000,10,TargetCuts,False,5206.0,0.0024971187091817133,0.0,7.9384,7.2656,19888,36673,32,70
knapsack_n100m20o5b5_0.txt,SOC Knapsack,100,RelaxPriority,4000,20,TargetCuts,False,3071.0,0.030934549006838164,0.0,90.8914,11.1738,30895,56580,4480,221
knapsack_n100m20o5b5_2.txt,SOC Knapsack,100,RelaxPriority,4000,20,TargetCuts,False,3240.0,0.029012345679012345,0.0,93.5309,10.770999999999999,29495,53058,6402,195
knapsack_n125m10o1b5_2.txt,SOC Knapsack,125,RelaxPriority,4000,10,TargetCuts,False,5231.0,0.009749569871917415,0.0,16.7039,8.1212,20788,38086,625,36
knapsack_n125m10o1b5_3.txt,SOC Knapsack,125,RelaxPriority,4000,10,TargetCuts,False,5096.0,0.013932496075353218,0.0,16.4368,8.6157,18607,34538,601,16
knapsack_n125m10o1b5_1.txt,SOC Knapsack,125,RelaxPriority,4000,10,TargetCuts,False,5358.0,0.011571481896229937,0.0,27.5998,8.6763,20291,37448,954,44
knapsack_n125m10o3b5_1.txt,SOC Knapsack,125,RelaxPriority,4000,10,TargetCuts,False,5294.0,0.007933509633547412,0.0,7.7464,8.4344,20962,38432,483,39
knapsack_n125m10o1b5_4.txt,SOC Knapsack,125,RelaxPriority,4000,10,TargetCuts,False,5147.0,0.012434427822032253,0.0,25.0063,8.953100000000001,19303,35940,844,30
knapsack_n125m10o3b5_0.txt,SOC Knapsack,125,RelaxPriority,4000,10,TargetCuts,False,5058.0,0.011269276393831554,0.0,22.4306,7.160299999999999,20939,37981,806,65
knapsack_n125m10o3b5_2.txt,SOC Knapsack,125,RelaxPriority,4000,10,TargetCuts,False,5107.0,0.010965341687879382,0.0,20.6938,7.5187,20752,37754,597,52
knapsack_n125m10o3b5_3.txt,SOC Knapsack,125,RelaxPriority,4000,10,TargetCuts,False,4986.0,0.013036502206177296,0.0,11.7842,8.753,19455,35648,469,32
knapsack_n125m10o3b5_4.txt,SOC Knapsack,125,RelaxPriority,4000,10,TargetCuts,False,5053.0,0.018998614684345935,0.0,17.1749,8.0782,20341,37683,4685,30
knapsack_n100m20o5b5_4.txt,SOC Knapsack,100,RelaxPriority,4000,20,TargetCuts,False,3379.0,0.036401302160402486,0.0,146.8021,11.4439,29718,54743,11018,190
knapsack_n125m10o5b5_1.txt,SOC Knapsack,125,RelaxPriority,4000,10,TargetCuts,False,5242.0,0.0064860740175505536,0.0,5.3696,7.8742,20650,37676,97,45
knapsack_n125m10o5b5_0.txt,SOC Knapsack,125,RelaxPriority,4000,10,TargetCuts,False,5010.0,0.005788423153692615,0.0,6.7377,6.8559,19852,35813,160,70
knapsack_n100m20o5b5_3.txt,SOC Knapsack,100,RelaxPriority,4000,20,TargetCuts,False,3380.0,0.03106508875739645,0.0,162.524,11.3082,30245,55126,12500,196
knapsack_n125m10o5b5_2.txt,SOC Knapsack,125,RelaxPriority,4000,10,TargetCuts,False,5020.0,0.014940239043824702,0.0,16.6728,7.1849,20511,37092,1634,50
knapsack_n125m10o5b5_4.txt,SOC Knapsack,125,RelaxPriority,4000,10,TargetCuts,False,4995.0,0.01921921921921922,0.0,17.4523,7.4923,18949,34839,4863,45
knapsack_n125m10o5b5_3.txt,SOC Knapsack,125,RelaxPriority,4000,10,TargetCuts,False,4853.0,0.017514939212858027,0.0,39.3311,8.5053,20080,36482,1125,70
knapsack_n125m20o1b5_3.txt,SOC Knapsack,125,RelaxPriority,4000,20,TargetCuts,False,4580.0,0.02074235807860262,0.0,112.6005,19.9957,39833,73436,12129,67
knapsack_n125m20o1b5_4.txt,SOC Knapsack,125,RelaxPriority,4000,20,TargetCuts,False,4470.0,0.01879194630872483,0.0,111.0743,19.3038,37898,70132,5359,86
knapsack_n125m20o1b5_2.txt,SOC Knapsack,125,RelaxPriority,4000,20,TargetCuts,False,4617.0,0.02187567684643708,0.0,365.5327,18.9684,35474,66040,28995,101
knapsack_n125m20o3b5_0.txt,SOC Knapsack,125,RelaxPriority,4000,20,TargetCuts,False,4208.0,0.032081749049429654,0.0,484.0693,18.3836,39704,72947,53388,93
knapsack_n125m20o1b5_0.txt,SOC Knapsack,125,RelaxPriority,4000,20,TargetCuts,False,4386.0,0.026447788417692658,0.0,676.2487,18.8708,38333,71241,46522,102
knapsack_n125m20o3b5_4.txt,SOC Knapsack,125,RelaxPriority,4000,20,TargetCuts,False,4268.0,0.02717900656044986,0.0,53.4868,17.851,38353,70182,5676,124
knapsack_n125m20o3b5_3.txt,SOC Knapsack,125,RelaxPriority,4000,20,TargetCuts,False,4435.0,0.029312288613303268,0.0,318.1566,18.7373,39808,72738,30519,82
knapsack_n125m20o3b5_2.txt,SOC Knapsack,125,RelaxPriority,4000,20,TargetCuts,False,4400.0,0.030454545454545453,0.0,981.9561,18.0443,36275,66846,79907,116
knapsack_n125m20o5b5_0.txt,SOC Knapsack,125,RelaxPriority,4000,20,TargetCuts,False,4066.0,0.039350713231677326,0.0,970.6041,17.932100000000002,38313,70002,81714,178
knapsack_n125m20o5b5_1.txt,SOC Knapsack,125,RelaxPriority,4000,20,TargetCuts,False,4362.0,0.041723979825768,0.0,775.1217,17.9585,40347,73830,69178,141
knapsack_n125m20o5b5_2.txt,SOC Knapsack,125,RelaxPriority,4000,20,TargetCuts,False,4262.0,0.034960112623181605,0.0,422.0851,17.6421,36634,67224,38782,164
knapsack_n150m10o1b5_0.txt,SOC Knapsack,150,RelaxPriority,4000,10,TargetCuts,False,6139.0,0.01189118748981919,0.0,9.0181,11.9744,24290,44793,400,31
knapsack_n150m10o1b5_1.txt,SOC Knapsack,150,RelaxPriority,4000,10,TargetCuts,False,5985.0,0.008688387635756056,0.0,12.5513,11.7219,18953,35266,409,24
knapsack_n150m10o1b5_2.txt,SOC Knapsack,150,RelaxPriority,4000,10,TargetCuts,False,6045.0,0.009760132340777503,0.0,28.328,12.112,21915,40104,1218,25
knapsack_n150m10o1b5_3.txt,SOC Knapsack,150,RelaxPriority,4000,10,TargetCuts,False,6102.0,0.007374631268436578,0.0,24.0505,11.0922,22646,41692,701,27
knapsack_n125m20o1b5_1.txt,SOC Knapsack,125,RelaxPriority,4000,20,TargetCuts,False,4714.0,0.02948663555366992,0.0,2019.6495,19.441,36814,68505,126942,78
knapsack_n150m10o1b5_4.txt,SOC Knapsack,150,RelaxPriority,4000,10,TargetCuts,False,6435.0,0.010411810411810413,0.0,40.0315,11.8259,26123,48137,1161,33
knapsack_n150m10o3b5_0.txt,SOC Knapsack,150,RelaxPriority,4000,10,TargetCuts,False,5977.0,0.01422118119457922,0.0,6.6266,11.4451,25033,45705,764,30
knapsack_n150m10o3b5_1.txt,SOC Knapsack,150,RelaxPriority,4000,10,TargetCuts,False,5775.0,0.014199134199134199,0.0,13.7452,10.6808,19482,36021,2628,48
knapsack_n150m10o3b5_3.txt,SOC Knapsack,150,RelaxPriority,4000,10,TargetCuts,False,6017.0,0.008808376267242813,0.0,24.8259,10.2417,24101,43848,745,38
knapsack_n125m20o5b5_4.txt,SOC Knapsack,125,RelaxPriority,4000,20,TargetCuts,False,4090.0,0.039853300733496334,0.0,286.604,16.118,38145,69355,25981,133
knapsack_n150m10o3b5_2.txt,SOC Knapsack,150,RelaxPriority,4000,10,TargetCuts,False,5929.0,0.012481025468038455,0.0,47.9007,10.9473,23128,41655,2123,29
knapsack_n150m10o5b5_0.txt,SOC Knapsack,150,RelaxPriority,4000,10,TargetCuts,False,5848.0,0.023426812585499317,0.0,13.1911,10.4711,25380,45805,3027,44
knapsack_n150m10o5b5_2.txt,SOC Knapsack,150,RelaxPriority,4000,10,TargetCuts,False,5857.0,0.017073587160662457,0.0,46.4881,10.0932,23681,42556,3263,34
knapsack_n150m10o5b5_1.txt,SOC Knapsack,150,RelaxPriority,4000,10,TargetCuts,False,5619.0,0.022779854066559885,0.0,86.0209,9.4662,19354,35533,12317,74
knapsack_n150m10o3b5_4.txt,SOC Knapsack,150,RelaxPriority,4000,10,TargetCuts,False,6220.0,0.019614147909967846,0.0,103.4881,11.732,27876,50877,21762,65
knapsack_n150m10o5b5_3.txt,SOC Knapsack,150,RelaxPriority,4000,10,TargetCuts,False,5898.0,0.014581213970837573,0.0,29.3522,9.4968,24958,44784,1125,38
knapsack_n150m10o5b5_4.txt,SOC Knapsack,150,RelaxPriority,4000,10,TargetCuts,False,6121.0,0.018297663780428033,0.0,25.9956,10.3555,28167,50837,4511,96
knapsack_n150m20o1b5_1.txt,SOC Knapsack,150,RelaxPriority,4000,20,TargetCuts,False,5626.0,0.01741912548880199,0.0,141.2058,24.7,41434,76966,10651,61
knapsack_n125m20o3b5_1.txt,SOC Knapsack,125,RelaxPriority,4000,20,TargetCuts,False,4501.0,0.03510331037547212,0.0,2349.9405,18.051099999999998,39074,72040,146588,107
knapsack_n150m20o1b5_3.txt,SOC Knapsack,150,RelaxPriority,4000,20,TargetCuts,False,5627.0,0.021858894615247912,0.0,285.6595,27.2103,44111,81304,21314,49
knapsack_n125m20o5b5_3.txt,SOC Knapsack,125,RelaxPriority,4000,20,TargetCuts,False,4307.0,0.038774088692825635,0.0,1207.5963,18.0382,37532,68133,83478,124
knapsack_n150m20o1b5_0.txt,SOC Knapsack,150,RelaxPriority,4000,20,TargetCuts,False,5840.0,0.01986301369863014,0.0,1029.426,26.5849,46826,85963,55175,54
knapsack_n150m20o3b5_1.txt,SOC Knapsack,150,RelaxPriority,4000,20,TargetCuts,False,5437.0,0.024645944454662498,0.0,549.7145,22.8686,42715,78481,51971,87
knapsack_n150m20o1b5_4.txt,SOC Knapsack,150,RelaxPriority,4000,20,TargetCuts,False,5755.0,0.02050390964378801,0.0,1110.915,27.6565,48558,89073,72605,54
knapsack_n150m20o3b5_3.txt,SOC Knapsack,150,RelaxPriority,4000,20,TargetCuts,False,5465.0,0.02616651418115279,0.0,407.5712,24.9374,45808,83690,32758,77
knapsack_n150m20o1b5_2.txt,SOC Knapsack,150,RelaxPriority,4000,20,TargetCuts,False,5485.0,0.025888787602552414,0.003099361896080219,3601.5527,26.3754,44186,81481,180269,38
knapsack_n150m20o3b5_0.txt,SOC Knapsack,150,RelaxPriority,4000,20,TargetCuts,False,5610.0,0.034581105169340466,0.0074866310160427805,3601.3169,25.394,47347,86034,170883,109
knapsack_n150m20o5b5_0.txt,SOC Knapsack,150,RelaxPriority,4000,20,TargetCuts,False,5495.0,0.03712465878070974,0.0,2858.6396,23.5174,47503,85856,165942,113
knapsack_n150m20o3b5_2.txt,SOC Knapsack,150,RelaxPriority,4000,20,TargetCuts,False,5277.0,0.033541785105173395,0.00511654349061967,3601.5817,24.8579,45214,82803,194449,97
knapsack_n150m20o3b5_4.txt,SOC Knapsack,150,RelaxPriority,4000,20,TargetCuts,False,5568.0,0.03125,0.0034123563218390806,3601.7745,26.9547,51321,92671,168583,64
knapsack_n150m20o5b5_1.txt,SOC Knapsack,150,RelaxPriority,4000,20,TargetCuts,False,5285.0,0.038221381267738885,0.0,1803.5215,21.6178,43842,79924,120577,113
knapsack_n150m20o5b5_3.txt,SOC Knapsack,150,RelaxPriority,4000,20,TargetCuts,False,5317.0,0.03253714500658266,0.0,964.968,20.8615,45689,83131,74113,146
knapsack_n150m20o5b5_2.txt,SOC Knapsack,150,RelaxPriority,4000,20,TargetCuts,False,5138.0,0.03873102374464772,0.0,1689.6808,21.669999999999998,44837,81646,115143,120
knapsack_n150m20o5b5_4.txt,SOC Knapsack,150,RelaxPriority,4000,20,TargetCuts,False,5455.0,0.03189734188817599,0.0,1432.4063,24.119500000000002,50701,90817,102129,93
knapsack_n100m10o1b5_0.txt,SOC Knapsack,100,RelaxPriority,4000,10,TargetCuts,True,3911.0,0.0063922270519048835,0.0,3.0096,4.9503,13230,24512,179,55
knapsack_n100m10o1b5_4.txt,SOC Knapsack,100,RelaxPriority,4000,10,TargetCuts,True,3861.0,0.008288008288008289,0.0,3.3852,4.6617999999999995,16485,30509,203,47
knapsack_n100m10o1b5_3.txt,SOC Knapsack,100,RelaxPriority,4000,10,TargetCuts,True,4231.0,0.009454029780193808,0.0,12.0939,5.2349,12755,23677,731,64
knapsack_n100m10o1b5_2.txt,SOC Knapsack,100,RelaxPriority,4000,10,TargetCuts,True,3743.0,0.012823938017632914,0.0,17.5586,5.7002999999999995,16135,30073,706,35
knapsack_n100m10o3b5_1.txt,SOC Knapsack,100,RelaxPriority,4000,10,TargetCuts,True,4253.0,0.01786973900775923,0.0,7.7905,4.2251,15240,28298,645,95
knapsack_n100m10o1b5_1.txt,SOC Knapsack,100,RelaxPriority,4000,10,TargetCuts,True,4344.0,0.018876611418047883,0.0,22.5819,5.3563,14772,27796,1023,60
knapsack_n100m10o3b5_0.txt,SOC Knapsack,100,RelaxPriority,4000,10,TargetCuts,True,3820.0,0.012565445026178011,0.0,15.4363,4.5525,13814,25289,759,51
knapsack_n100m10o3b5_2.txt,SOC Knapsack,100,RelaxPriority,4000,10,TargetCuts,True,3609.0,0.01690218897201441,0.0,7.0641,4.8724,15545,28628,738,65
knapsack_n100m10o3b5_4.txt,SOC Knapsack,100,RelaxPriority,4000,10,TargetCuts,True,3806.0,0.010772464529689963,0.0,2.9863,4.1438,17153,31388,291,44
knapsack_n100m10o3b5_3.txt,SOC Knapsack,100,RelaxPriority,4000,10,TargetCuts,True,4114.0,0.012882839086047641,0.0,7.3005,4.5985000000000005,13742,25083,1017,57
knapsack_n100m10o5b5_0.txt,SOC Knapsack,100,RelaxPriority,4000,10,TargetCuts,True,3787.0,0.014259308159493002,0.0,4.0203,4.256,12556,22796,422,91
knapsack_n100m10o5b5_4.txt,SOC Knapsack,100,RelaxPriority,4000,10,TargetCuts,True,3766.0,0.0026553372278279343,0.0,8.3196,3.5806,16865,30493,16,119
knapsack_n100m10o5b5_1.txt,SOC Knapsack,100,RelaxPriority,4000,10,TargetCuts,True,4189.0,0.01623299116734304,0.0,22.8818,3.9114,13985,25898,840,93
knapsack_n100m10o5b5_2.txt,SOC Knapsack,100,RelaxPriority,4000,10,TargetCuts,True,3511.0,0.019652520649387637,0.0,21.2823,5.0319,14201,26000,1467,61
knapsack_n100m10o5b5_3.txt,SOC Knapsack,100,RelaxPriority,4000,10,TargetCuts,True,4015.0,0.01594022415940224,0.0,22.1568,4.2237,13670,24784,1299,91
knapsack_n100m20o1b5_0.txt,SOC Knapsack,100,RelaxPriority,4000,20,TargetCuts,True,3360.0,0.022321428571428572,0.0,28.9405,13.0072,31488,58853,2078,103
knapsack_n100m20o1b5_1.txt,SOC Knapsack,100,RelaxPriority,4000,20,TargetCuts,True,3255.0,0.018740399385560675,0.0,40.7136,13.3737,29841,55816,969,68
knapsack_n100m20o1b5_4.txt,SOC Knapsack,100,RelaxPriority,4000,20,TargetCuts,True,3633.0,0.018717313515001378,0.0,29.6403,13.3875,31339,58534,3217,81
knapsack_n100m20o1b5_2.txt,SOC Knapsack,100,RelaxPriority,4000,20,TargetCuts,True,3539.0,0.014410850522746538,0.0,45.83,12.0649,29469,54250,1287,117
knapsack_n100m20o1b5_3.txt,SOC Knapsack,100,RelaxPriority,4000,20,TargetCuts,True,3692.0,0.02275189599133261,0.0,48.6668,12.954600000000001,30649,57220,4095,115
knapsack_n100m20o3b5_1.txt,SOC Knapsack,100,RelaxPriority,4000,20,TargetCuts,True,3124.0,0.026248399487836107,0.0,24.583,13.408,30392,56293,2699,102
knapsack_n100m20o3b5_0.txt,SOC Knapsack,100,RelaxPriority,4000,20,TargetCuts,True,3193.0,0.03382398997807704,0.0,55.7149,12.1603,32310,59615,6917,161
knapsack_n100m20o3b5_2.txt,SOC Knapsack,100,RelaxPriority,4000,20,TargetCuts,True,3359.0,0.023518904435844,0.0,32.2614,11.0238,30192,54920,4291,142
knapsack_n100m20o3b5_4.txt,SOC Knapsack,100,RelaxPriority,4000,20,TargetCuts,True,3485.0,0.03185078909612626,0.0,55.5409,12.5376,31283,58109,5550,156
knapsack_n100m20o3b5_3.txt,SOC Knapsack,100,RelaxPriority,4000,20,TargetCuts,True,3514.0,0.02731929425156517,0.0,61.4206,11.8149,31992,58879,8120,148
knapsack_n100m20o5b5_1.txt,SOC Knapsack,100,RelaxPriority,4000,20,TargetCuts,True,3029.0,0.02344007923407065,0.0,66.4503,12.6768,29984,55183,1642,116
knapsack_n100m20o5b5_0.txt,SOC Knapsack,100,RelaxPriority,4000,20,TargetCuts,True,3071.0,0.030934549006838164,0.0,91.838,11.172799999999999,30895,56580,4480,221
knapsack_n125m10o1b5_0.txt,SOC Knapsack,125,RelaxPriority,4000,10,TargetCuts,True,5206.0,0.0024971187091817133,0.0,8.144,7.3061,19888,36673,32,70
knapsack_n100m20o5b5_2.txt,SOC Knapsack,100,RelaxPriority,4000,20,TargetCuts,True,3240.0,0.029012345679012345,0.0,94.2698,10.8049,29495,53058,6402,195
knapsack_n125m10o1b5_2.txt,SOC Knapsack,125,RelaxPriority,4000,10,TargetCuts,True,5231.0,0.009749569871917415,0.0,16.7792,8.1086,20788,38086,625,36
knapsack_n125m10o1b5_3.txt,SOC Knapsack,125,RelaxPriority,4000,10,TargetCuts,True,5096.0,0.013932496075353218,0.0,16.4774,8.7556,18607,34538,601,16
knapsack_n125m10o1b5_1.txt,SOC Knapsack,125,RelaxPriority,4000,10,TargetCuts,True,5358.0,0.011571481896229937,0.0,27.6087,8.6975,20291,37448,954,44
knapsack_n125m10o3b5_1.txt,SOC Knapsack,125,RelaxPriority,4000,10,TargetCuts,True,5294.0,0.007933509633547412,0.0,7.9348,8.4186,20962,38432,483,39
knapsack_n125m10o1b5_4.txt,SOC Knapsack,125,RelaxPriority,4000,10,TargetCuts,True,5147.0,0.012434427822032253,0.0,25.1493,9.0078,19303,35940,844,30
knapsack_n125m10o3b5_0.txt,SOC Knapsack,125,RelaxPriority,4000,10,TargetCuts,True,5058.0,0.011269276393831554,0.0,22.769,7.1478,20939,37981,806,65
knapsack_n125m10o3b5_3.txt,SOC Knapsack,125,RelaxPriority,4000,10,TargetCuts,True,4986.0,0.013036502206177296,0.0,11.8458,8.6752,19455,35648,469,32
knapsack_n125m10o3b5_2.txt,SOC Knapsack,125,RelaxPriority,4000,10,TargetCuts,True,5107.0,0.010965341687879382,0.0,20.8061,7.5781,20752,37754,597,52
knapsack_n125m10o3b5_4.txt,SOC Knapsack,125,RelaxPriority,4000,10,TargetCuts,True,5053.0,0.018998614684345935,0.0,17.0717,7.9448,20341,37683,4685,30
knapsack_n100m20o5b5_4.txt,SOC Knapsack,100,RelaxPriority,4000,20,TargetCuts,True,3379.0,0.036401302160402486,0.0,147.074,11.464,29718,54743,11018,190
knapsack_n125m10o5b5_0.txt,SOC Knapsack,125,RelaxPriority,4000,10,TargetCuts,True,5010.0,0.005788423153692615,0.0,6.9414,6.756,19852,35813,160,70
knapsack_n125m10o5b5_1.txt,SOC Knapsack,125,RelaxPriority,4000,10,TargetCuts,True,5242.0,0.0064860740175505536,0.0,5.4359,7.8643,20650,37676,97,45
knapsack_n100m20o5b5_3.txt,SOC Knapsack,100,RelaxPriority,4000,20,TargetCuts,True,3380.0,0.03106508875739645,0.0,162.7433,11.3741,30245,55126,12500,196
knapsack_n125m10o5b5_2.txt,SOC Knapsack,125,RelaxPriority,4000,10,TargetCuts,True,5020.0,0.014940239043824702,0.0,16.7727,7.1933,20511,37092,1634,50
knapsack_n125m10o5b5_4.txt,SOC Knapsack,125,RelaxPriority,4000,10,TargetCuts,True,4995.0,0.01921921921921922,0.0,17.6083,7.6485,18949,34839,4863,45
knapsack_n125m10o5b5_3.txt,SOC Knapsack,125,RelaxPriority,4000,10,TargetCuts,True,4853.0,0.017514939212858027,0.0,39.4963,8.5597,20080,36482,1125,70
knapsack_n125m20o1b5_3.txt,SOC Knapsack,125,RelaxPriority,4000,20,TargetCuts,True,4580.0,0.02074235807860262,0.0,113.0186,20.2513,39833,73436,12129,67
knapsack_n125m20o1b5_4.txt,SOC Knapsack,125,RelaxPriority,4000,20,TargetCuts,True,4470.0,0.01879194630872483,0.0,111.0,19.508,37898,70132,5359,86
knapsack_n125m20o1b5_2.txt,SOC Knapsack,125,RelaxPriority,4000,20,TargetCuts,True,4617.0,0.02187567684643708,0.0,369.1361,19.2464,35474,66040,28995,101
knapsack_n125m20o3b5_0.txt,SOC Knapsack,125,RelaxPriority,4000,20,TargetCuts,True,4208.0,0.032081749049429654,0.0,494.1802,18.503,39704,72947,53388,93
knapsack_n125m20o1b5_0.txt,SOC Knapsack,125,RelaxPriority,4000,20,TargetCuts,True,4386.0,0.026447788417692658,0.0,690.8968,19.2212,38333,71241,46522,102
knapsack_n125m20o3b5_4.txt,SOC Knapsack,125,RelaxPriority,4000,20,TargetCuts,True,4268.0,0.02717900656044986,0.0,54.0441,18.0753,38353,70182,5676,124
knapsack_n125m20o3b5_3.txt,SOC Knapsack,125,RelaxPriority,4000,20,TargetCuts,True,4435.0,0.029312288613303268,0.0,319.3614,18.9069,39808,72738,30519,82
knapsack_n125m20o3b5_2.txt,SOC Knapsack,125,RelaxPriority,4000,20,TargetCuts,True,4400.0,0.030454545454545453,0.0,985.1174,18.192,36275,66846,79907,116
knapsack_n125m20o5b5_0.txt,SOC Knapsack,125,RelaxPriority,4000,20,TargetCuts,True,4066.0,0.039350713231677326,0.0,970.7179,18.1665,38313,70002,81714,178
knapsack_n125m20o5b5_1.txt,SOC Knapsack,125,RelaxPriority,4000,20,TargetCuts,True,4362.0,0.041723979825768,0.0,774.4333,17.8381,40347,73830,69178,141
knapsack_n125m20o5b5_2.txt,SOC Knapsack,125,RelaxPriority,4000,20,TargetCuts,True,4262.0,0.034960112623181605,0.0,421.6904,17.5057,36634,67224,38782,164
knapsack_n150m10o1b5_0.txt,SOC Knapsack,150,RelaxPriority,4000,10,TargetCuts,True,6139.0,0.01189118748981919,0.0,9.0698,11.8921,24290,44793,400,31
knapsack_n150m10o1b5_1.txt,SOC Knapsack,150,RelaxPriority,4000,10,TargetCuts,True,5985.0,0.008688387635756056,0.0,12.5851,11.5931,18953,35266,409,24
knapsack_n150m10o1b5_2.txt,SOC Knapsack,150,RelaxPriority,4000,10,TargetCuts,True,6045.0,0.009760132340777503,0.0,28.3527,11.6387,21915,40104,1218,25
knapsack_n150m10o1b5_3.txt,SOC Knapsack,150,RelaxPriority,4000,10,TargetCuts,True,6102.0,0.007374631268436578,0.0,24.0737,11.0754,22646,41692,701,27
knapsack_n125m20o1b5_1.txt,SOC Knapsack,125,RelaxPriority,4000,20,TargetCuts,True,4714.0,0.02948663555366992,0.0,2025.2607,19.8919,36814,68505,126942,78
knapsack_n150m10o1b5_4.txt,SOC Knapsack,150,RelaxPriority,4000,10,TargetCuts,True,6435.0,0.010411810411810413,0.0,40.3828,11.7158,26123,48137,1161,33
knapsack_n150m10o3b5_0.txt,SOC Knapsack,150,RelaxPriority,4000,10,TargetCuts,True,5977.0,0.01422118119457922,0.0,6.717,11.3155,25033,45705,764,30
knapsack_n150m10o3b5_1.txt,SOC Knapsack,150,RelaxPriority,4000,10,TargetCuts,True,5775.0,0.014199134199134199,0.0,13.8873,10.7387,19482,36021,2628,48
knapsack_n150m10o3b5_3.txt,SOC Knapsack,150,RelaxPriority,4000,10,TargetCuts,True,6017.0,0.008808376267242813,0.0,24.9486,10.1874,24101,43848,745,38
knapsack_n125m20o5b5_4.txt,SOC Knapsack,125,RelaxPriority,4000,20,TargetCuts,True,4090.0,0.039853300733496334,0.0,287.0036,16.1391,38145,69355,25981,133
knapsack_n150m10o3b5_2.txt,SOC Knapsack,150,RelaxPriority,4000,10,TargetCuts,True,5929.0,0.012481025468038455,0.0,47.8939,10.8027,23128,41655,2123,29
knapsack_n150m10o5b5_0.txt,SOC Knapsack,150,RelaxPriority,4000,10,TargetCuts,True,5848.0,0.023426812585499317,0.0,13.496,10.4834,25380,45805,3027,44
knapsack_n150m10o5b5_2.txt,SOC Knapsack,150,RelaxPriority,4000,10,TargetCuts,True,5857.0,0.017073587160662457,0.0,46.5308,10.0754,23681,42556,3263,34
knapsack_n150m10o5b5_1.txt,SOC Knapsack,150,RelaxPriority,4000,10,TargetCuts,True,5619.0,0.022779854066559885,0.0,86.2941,9.4619,19354,35533,12317,74
knapsack_n150m10o3b5_4.txt,SOC Knapsack,150,RelaxPriority,4000,10,TargetCuts,True,6220.0,0.019614147909967846,0.0,103.9575,11.6047,27876,50877,21762,65
knapsack_n150m10o5b5_3.txt,SOC Knapsack,150,RelaxPriority,4000,10,TargetCuts,True,5898.0,0.014581213970837573,0.0,29.3298,9.4259,24958,44784,1125,38
knapsack_n150m10o5b5_4.txt,SOC Knapsack,150,RelaxPriority,4000,10,TargetCuts,True,6121.0,0.018297663780428033,0.0,26.2543,10.0612,28167,50837,4511,96
knapsack_n150m20o1b5_1.txt,SOC Knapsack,150,RelaxPriority,4000,20,TargetCuts,True,5626.0,0.01741912548880199,0.0,141.0723,24.4924,41434,76966,10651,61
knapsack_n125m20o3b5_1.txt,SOC Knapsack,125,RelaxPriority,4000,20,TargetCuts,True,4501.0,0.03510331037547212,0.0,2367.9614,18.5767,39074,72040,146588,107
knapsack_n150m20o1b5_3.txt,SOC Knapsack,150,RelaxPriority,4000,20,TargetCuts,True,5627.0,0.021858894615247912,0.0,284.3229,26.644000000000002,44111,81304,21314,49
knapsack_n125m20o5b5_3.txt,SOC Knapsack,125,RelaxPriority,4000,20,TargetCuts,True,4307.0,0.038774088692825635,0.0,1203.8887,18.2144,37532,68133,83478,124
knapsack_n150m20o1b5_0.txt,SOC Knapsack,150,RelaxPriority,4000,20,TargetCuts,True,5840.0,0.01986301369863014,0.0,1024.8708,26.1659,46826,85963,55175,54
knapsack_n150m20o3b5_1.txt,SOC Knapsack,150,RelaxPriority,4000,20,TargetCuts,True,5437.0,0.024645944454662498,0.0,546.4164,22.7487,42715,78481,51971,87
knapsack_n150m20o1b5_4.txt,SOC Knapsack,150,RelaxPriority,4000,20,TargetCuts,True,5755.0,0.02050390964378801,0.0,1104.1987,27.4024,48558,89073,72605,54
knapsack_n150m20o3b5_3.txt,SOC Knapsack,150,RelaxPriority,4000,20,TargetCuts,True,5465.0,0.02616651418115279,0.0,409.3519,24.5589,45808,83690,32758,77
knapsack_n150m20o1b5_2.txt,SOC Knapsack,150,RelaxPriority,4000,20,TargetCuts,True,5485.0,0.025888787602552414,0.0032816773017319964,3601.5471,26.4712,44186,81481,178414,38
knapsack_n150m20o3b5_0.txt,SOC Knapsack,150,RelaxPriority,4000,20,TargetCuts,True,5610.0,0.034581105169340466,0.0074866310160427805,3601.3246,25.3255,47347,86034,168881,109
knapsack_n150m20o3b5_2.txt,SOC Knapsack,150,RelaxPriority,4000,20,TargetCuts,True,5277.0,0.033541785105173395,0.00511654349061967,3601.6029,25.0777,45214,82803,191873,97
knapsack_n150m20o5b5_0.txt,SOC Knapsack,150,RelaxPriority,4000,20,TargetCuts,True,5495.0,0.03712465878070974,0.0,2932.1511,23.705000000000002,47503,85856,165942,113
knapsack_n150m20o3b5_4.txt,SOC Knapsack,150,RelaxPriority,4000,20,TargetCuts,True,5568.0,0.03125,0.0035919540229885057,3601.8063,26.9687,51321,92671,163021,64
knapsack_n150m20o5b5_1.txt,SOC Knapsack,150,RelaxPriority,4000,20,TargetCuts,True,5285.0,0.038221381267738885,0.0,1826.9614,22.6959,43842,79924,120577,113
knapsack_n150m20o5b5_3.txt,SOC Knapsack,150,RelaxPriority,4000,20,TargetCuts,True,5317.0,0.03253714500658266,0.0,963.8197,21.444,45689,83131,74113,146
knapsack_n150m20o5b5_2.txt,SOC Knapsack,150,RelaxPriority,4000,20,TargetCuts,True,5138.0,0.03873102374464772,0.0,1693.6602,23.1137,44837,81646,115143,120
knapsack_n150m20o5b5_4.txt,SOC Knapsack,150,RelaxPriority,4000,20,TargetCuts,True,5455.0,0.03189734188817599,0.0,1397.8453,24.787,50701,90817,102129,93
