File_name,Problem type,Variables number,Best solution,Dual bound,Root Gap,Gap,Solution Time,NodeBB
knapsack_n100m10o1b5_4.txt,SOC Knapsack,100,3861.0,3861.0,0.02097902097902098,0.0,3.2119,2111
knapsack_n100m10o3b5_0.txt,SOC Knapsack,100,3820.0,3820.0,0.028272251308900525,0.0,18.4509,1834
knapsack_n100m10o1b5_0.txt,SOC Knapsack,100,3911.0,3911.0,0.01713116849910509,0.0,34.0819,1393
knapsack_n100m10o3b5_1.txt,SOC Knapsack,100,4253.0,4253.000000000001,0.03385845285680696,0.0,13.0637,2814
knapsack_n100m10o1b5_2.txt,SOC Knapsack,100,3742.9999968814327,3742.9999968814327,0.02511354613862826,0.0,61.6742,1265
knapsack_n100m10o1b5_3.txt,SOC Knapsack,100,4231.0,4231.0,0.014653746159300401,0.0,70.5371,1445
knapsack_n100m10o1b5_1.txt,SOC Knapsack,100,4344.0,4344.0,0.026243093922651933,0.0,75.6269,2020
knapsack_n100m10o3b5_4.txt,SOC Knapsack,100,3806.0,3806.0,0.018654755648975303,0.0,10.724,1112
knapsack_n100m10o5b5_1.txt,SOC Knapsack,100,4189.0,4189.0,0.03986604277283051,0.0,18.4227,2361
knapsack_n100m10o5b5_0.txt,SOC Knapsack,100,3787.0,3787.0,0.03591233166094534,0.0,85.8857,1448
knapsack_n100m10o3b5_3.txt,SOC Knapsack,100,4114.0,4114.0,0.022605736509479824,0.0,121.0879,3105
knapsack_n100m10o3b5_2.txt,SOC Knapsack,100,3609.0,3609.0000000000023,0.03574397339983375,0.0,138.8368,2018
knapsack_n100m10o5b5_2.txt,SOC Knapsack,100,3511.0,3511.0,0.03788094559954429,0.0,98.1126,2557
knapsack_n100m10o5b5_4.txt,SOC Knapsack,100,3765.9999800895184,3765.9999800895184,0.028943181223248605,0.0,28.9277,1168
knapsack_n100m10o5b5_3.txt,SOC Knapsack,100,4015.0,4015.0,0.038356164383561646,0.0,95.7891,4594
knapsack_n100m20o1b5_0.txt,SOC Knapsack,100,3360.0,3360.0,0.035416666666666666,0.0,56.0019,5356
knapsack_n100m20o3b5_0.txt,SOC Knapsack,100,3193.0,3193.0,0.055120576260569994,0.0,76.0188,17022
knapsack_n100m20o1b5_4.txt,SOC Knapsack,100,3633.0,3633.0,0.03413157170382604,0.0,114.5421,6554
knapsack_n100m20o1b5_3.txt,SOC Knapsack,100,3692.0,3692.0,0.04279523293607801,0.0,129.0801,5219
knapsack_n100m20o3b5_1.txt,SOC Knapsack,100,3124.0,3124.0,0.04897567221510883,0.0,55.2795,6411
knapsack_n100m20o1b5_1.txt,SOC Knapsack,100,3255.0,3255.0,0.030107526881720432,0.0,205.3838,1478
knapsack_n100m20o3b5_3.txt,SOC Knapsack,100,3514.0,3514.0000000000005,0.05748434832100171,0.0,126.8975,21227
knapsack_n100m20o3b5_2.txt,SOC Knapsack,100,3359.0,3359.0,0.051205715986900865,0.0,139.2392,23860
knapsack_n100m20o1b5_2.txt,SOC Knapsack,100,3539.0,3539.0,0.029669398135066402,0.0,290.0447,2484
knapsack_n100m20o3b5_4.txt,SOC Knapsack,100,3485.0,3485.0,0.05107604017216643,0.0,167.9332,21686
knapsack_n100m20o5b5_0.txt,SOC Knapsack,100,3071.0,3071.0,0.06870726147834581,0.0,153.4297,21038
knapsack_n125m10o1b5_0.txt,SOC Knapsack,125,5206.0,5206.0,0.008643872454859777,0.0,3.7472,1677
knapsack_n100m20o5b5_3.txt,SOC Knapsack,100,3380.0,3380.0,0.0801775147928994,0.0,243.6441,38541
knapsack_n100m20o5b5_4.txt,SOC Knapsack,100,3379.0,3379.0,0.06806747558449246,0.0,214.3659,35836
knapsack_n125m10o1b5_3.txt,SOC Knapsack,125,5096.0,5096.0,0.02040816326530612,0.0,17.4505,2704
knapsack_n125m10o1b5_2.txt,SOC Knapsack,125,5231.0,5231.0,0.020646147964060408,0.0,76.7621,1734
knapsack_n125m10o1b5_4.txt,SOC Knapsack,125,5147.0,5147.0,0.01573732271225957,0.0,18.4381,2649
knapsack_n100m20o5b5_2.txt,SOC Knapsack,100,3240.0,3240.0,0.07067901234567901,0.0,339.0142,35569
knapsack_n125m10o1b5_1.txt,SOC Knapsack,125,5358.0,5358.0,0.02444942142590519,0.0,250.4318,2719
knapsack_n125m10o3b5_2.txt,SOC Knapsack,125,5107.0,5107.0,0.021930683375758764,0.0,10.4328,2703
knapsack_n125m10o3b5_1.txt,SOC Knapsack,125,5294.0,5294.000000000004,0.02342274272761617,0.0,13.0783,1533
knapsack_n125m10o3b5_3.txt,SOC Knapsack,125,4986.0,4986.0,0.020056157240272765,0.0,11.7563,2295
knapsack_n125m10o5b5_1.txt,SOC Knapsack,125,5242.0,5242.0,0.023464326592903473,0.0,2.6534,1694
knapsack_n125m10o3b5_4.txt,SOC Knapsack,125,5053.0,5053.0,0.021373441519889173,0.0,18.0997,6461
knapsack_n125m10o5b5_0.txt,SOC Knapsack,125,5010.0,5010.0,0.021956087824351298,0.0,26.5303,1171
knapsack_n100m20o5b5_1.txt,SOC Knapsack,100,3029.0,3029.0,0.06701881809177947,0.0,423.8447,4944
knapsack_n125m10o3b5_0.txt,SOC Knapsack,125,5058.0,5058.0,0.018584420719652037,0.0,167.7803,1688
knapsack_n125m10o5b5_2.txt,SOC Knapsack,125,5020.0,5020.0,0.029880478087649404,0.0,163.4311,3542
knapsack_n125m10o5b5_4.txt,SOC Knapsack,125,4995.0,4995.0,0.03083083083083083,0.0,214.8909,3582
knapsack_n125m10o5b5_3.txt,SOC Knapsack,125,4853.0,4853.0,0.03276323923346384,0.0,227.1169,6241
knapsack_n125m20o1b5_2.txt,SOC Knapsack,125,4617.0,4617.0,0.03378817413905133,0.0,246.7815,36741
knapsack_n125m20o1b5_4.txt,SOC Knapsack,125,4470.0,4470.0,0.029977628635346757,0.0,172.0686,5388
knapsack_n125m20o1b5_3.txt,SOC Knapsack,125,4580.0,4580.0,0.027292576419213975,0.0,322.3211,17892
knapsack_n125m20o1b5_0.txt,SOC Knapsack,125,4386.0,4386.0,0.03625170998632011,0.0,675.817,83581
knapsack_n125m20o3b5_3.txt,SOC Knapsack,125,4435.0,4435.0,0.04103720405862458,0.0,798.2674,81490
knapsack_n125m20o3b5_4.txt,SOC Knapsack,125,4268.0,4268.0,0.041237113402061855,0.0,143.7803,13114
knapsack_n125m20o1b5_1.txt,SOC Knapsack,125,4714.0,4714.0,0.03903266864658464,0.0,1701.3926,108437
knapsack_n125m20o3b5_0.txt,SOC Knapsack,125,4208.0,4208.0,0.0501425855513308,0.0,1866.3507,224103
knapsack_n125m20o3b5_2.txt,SOC Knapsack,125,4400.0,4400.0,0.049772727272727274,0.0,2587.0647,128227
knapsack_n125m20o5b5_1.txt,SOC Knapsack,125,4362.0,4362.0,0.0577716643741403,0.0,1751.6148,132860
knapsack_n125m20o5b5_2.txt,SOC Knapsack,125,4262.0,4262.0,0.05889253871421868,0.0,1676.6834,207485
knapsack_n125m20o3b5_1.txt,SOC Knapsack,125,4501.0,4539.0,0.047544990002221725,0.008442568318151522,3600.7063,345977
knapsack_n150m10o1b5_1.txt,SOC Knapsack,150,5985.0,5985.0,0.013032581453634085,0.0,33.5112,1364
knapsack_n150m10o1b5_2.txt,SOC Knapsack,150,6045.0,6045.0,0.01174524400330852,0.0,42.7656,4023
knapsack_n150m10o1b5_3.txt,SOC Knapsack,150,6102.0,6102.0,0.014913143231727303,0.0,31.7306,2910
knapsack_n150m10o1b5_0.txt,SOC Knapsack,150,6139.0,6139.0,0.010750936634631048,0.0,172.3647,1278
knapsack_n150m10o3b5_0.txt,SOC Knapsack,150,5977.0,5977.0,0.02158273381294964,0.0,27.0721,2840
knapsack_n150m10o1b5_4.txt,SOC Knapsack,150,6435.0,6435.0,0.012587412587412588,0.0,36.9025,2582
knapsack_n150m10o3b5_1.txt,SOC Knapsack,150,5775.0,5775.0,0.01904761904761905,0.0,62.9365,8414
knapsack_n150m10o3b5_2.txt,SOC Knapsack,150,5929.0,5929.0,0.017034913138809244,0.0,60.4707,9386
knapsack_n150m10o3b5_3.txt,SOC Knapsack,150,6017.0,6017.0,0.013461858068805052,0.0,26.4837,1729
knapsack_n150m10o5b5_0.txt,SOC Knapsack,150,5848.0,5848.0,0.030437756497948016,0.0,44.3223,6694
knapsack_n150m10o3b5_4.txt,SOC Knapsack,150,6220.0,6220.0,0.020739549839228297,0.0,224.2688,40586
knapsack_n150m10o5b5_1.txt,SOC Knapsack,150,5619.0,5619.0,0.03399181348994483,0.0,216.6098,33149
knapsack_n125m20o5b5_4.txt,SOC Knapsack,125,4090.0,4090.0,0.06308068459657702,0.0,1007.1159,138676
knapsack_n150m10o5b5_4.txt,SOC Knapsack,150,6121.0,6121.0,0.02793661166476066,0.0,61.7891,10603
knapsack_n150m10o5b5_2.txt,SOC Knapsack,150,5857.0,5857.0,0.020829776336008195,0.0,427.2722,6764
knapsack_n150m10o5b5_3.txt,SOC Knapsack,150,5898.0,5898.000000000004,0.027636486944727028,0.0,377.0065,4960
knapsack_n150m20o1b5_1.txt,SOC Knapsack,150,5626.0,5626.0,0.023817987913259866,0.0,253.1491,12995
knapsack_n125m20o5b5_0.txt,SOC Knapsack,125,4066.0,4091.0,0.06443679291687161,0.006148548942449582,3600.6159,514233
knapsack_n150m20o1b5_0.txt,SOC Knapsack,150,5840.0,5840.0,0.023801369863013698,0.0,703.298,49113
knapsack_n150m20o1b5_3.txt,SOC Knapsack,150,5627.0,5627.0,0.02416918429003021,0.0,436.4862,22843
knapsack_n125m20o5b5_3.txt,SOC Knapsack,125,4307.0,4307.0,0.05943812398421175,0.0,3122.4459,403879
knapsack_n150m20o1b5_4.txt,SOC Knapsack,150,5755.0,5755.0,0.02589052997393571,0.0,1237.2496,114804
knapsack_n150m20o3b5_1.txt,SOC Knapsack,150,5437.0,5437.0,0.033106492551039174,0.0,1245.8338,125225
knapsack_n150m20o3b5_3.txt,SOC Knapsack,150,5465.0,5465.0,0.033668801463860934,0.0,1083.9751,79248
knapsack_n150m20o1b5_2.txt,SOC Knapsack,150,5485.0,5506.0,0.029717411121239743,0.003828623518687329,3600.6217,194798
knapsack_n150m20o3b5_0.txt,SOC Knapsack,150,5610.0,5663.0,0.04081996434937611,0.00944741532976827,3600.7053,382643
knapsack_n150m20o3b5_2.txt,SOC Knapsack,150,5277.0,5318.0,0.04093234792495736,0.007769566041311351,3600.4961,316523
knapsack_n150m20o3b5_4.txt,SOC Knapsack,150,5568.0,5608.0,0.036458333333333336,0.007183908045977011,3600.7751,360027
knapsack_n150m20o5b5_0.txt,SOC Knapsack,150,5495.0,5531.0,0.050773430391264786,0.006551410373066424,3600.6673,350499
knapsack_n150m20o5b5_1.txt,SOC Knapsack,150,5285.0,5318.0,0.046357615894039736,0.0062440870387890255,3600.3496,460541
knapsack_n150m20o5b5_3.txt,SOC Knapsack,150,5317.0,5317.0,0.05209704720707166,0.0,2372.138,148471
knapsack_n150m20o5b5_2.txt,SOC Knapsack,150,5138.0,5163.0,0.05099260412611911,0.004865706500583885,3600.3299,161965
knapsack_n150m20o5b5_4.txt,SOC Knapsack,150,5455.0,5455.0,0.042896425297891845,0.0,2248.7113,142626
